Method,NewUserName,MovementRadius,RequiredThroughput,MovementDistance,ConnectedAP,FinalSystemThroughput,InitialSystemThroughput,ImprovementRate,PositionVarianceX,PositionVarianceY,TotalPositionVariance,Improvementdifference
myargo,User0,14.95,30,0,AP0,190.25,183.66,3.58,1232.92,83763.84,84996.75,6.59
myargo,User1,14.95,30,14.1,AP0,190.25,183.66,3.58,1232.92,83763.84,84996.75,6.59
myargo,User2,14.95,30,11.1,AP0,190.25,183.66,3.58,1232.92,83763.84,84996.75,6.59
myargo,User3,14.95,30,0,AP0,190.25,183.66,3.58,1232.92,83763.84,84996.75,6.59
myargo,User4,14.95,30,11.1,AP0,190.25,183.66,3.58,1232.92,83763.84,84996.75,6.59
myargo,User5,14.95,30,6.3,AP0,190.25,183.66,3.58,1232.92,83763.84,84996.75,6.59
myargo,User6,14.95,30,0,AP0,190.25,183.66,3.58,1232.92,83763.84,84996.75,6.59
myargo,User7,14.95,30,6.75,AP0,190.25,183.66,3.58,1232.92,83763.84,84996.75,6.59
myargo,User8,14.95,30,0,AP0,190.25,183.66,3.58,1232.92,83763.84,84996.75,6.59
myargo,User9,14.95,30,0,AP0,190.25,183.66,3.58,1232.92,83763.84,84996.75,6.59
myargo,User0,14.95,30,2.7,AP0,192.23,190.57,0.87,1195.24,82975.68,84170.92,1.66
myargo,User1,14.95,30,0,AP0,192.23,190.57,0.87,1195.24,82975.68,84170.92,1.66
myargo,User2,14.95,30,0,AP0,192.23,190.57,0.87,1195.24,82975.68,84170.92,1.66
myargo,User3,14.95,30,0,AP0,192.23,190.57,0.87,1195.24,82975.68,84170.92,1.66
myargo,User4,14.95,30,0,AP0,192.23,190.57,0.87,1195.24,82975.68,84170.92,1.66
myargo,User5,14.95,30,0,AP0,192.23,190.57,0.87,1195.24,82975.68,84170.92,1.66
myargo,User6,14.95,30,0,AP0,192.23,190.57,0.87,1195.24,82975.68,84170.92,1.66
myargo,User7,14.95,30,0,AP0,192.23,190.57,0.87,1195.24,82975.68,84170.92,1.66
myargo,User8,14.95,30,8.4,AP0,192.23,190.57,0.87,1195.24,82975.68,84170.92,1.66
myargo,User9,14.95,30,4.5,AP0,192.23,190.57,0.87,1195.24,82975.68,84170.92,1.66
myargo,User0,14.95,30,11.25,AP0,191.63,186.8,2.59,1220.19,82822.14,84042.33,4.83
myargo,User1,14.95,30,7.5,AP0,191.63,186.8,2.59,1220.19,82822.14,84042.33,4.83
myargo,User2,14.95,30,0,AP0,191.63,186.8,2.59,1220.19,82822.14,84042.33,4.83
myargo,User3,14.95,30,2.7,AP0,191.63,186.8,2.59,1220.19,82822.14,84042.33,4.83
myargo,User4,14.95,30,0,AP0,191.63,186.8,2.59,1220.19,82822.14,84042.33,4.83
myargo,User5,14.95,30,9.45,AP0,191.63,186.8,2.59,1220.19,82822.14,84042.33,4.83
myargo,User6,14.95,30,0.45,AP0,191.63,186.8,2.59,1220.19,82822.14,84042.33,4.83
myargo,User7,14.95,30,2.4,AP0,191.63,186.8,2.59,1220.19,82822.14,84042.33,4.83
myargo,User8,14.95,30,0,AP0,191.63,186.8,2.59,1220.19,82822.14,84042.33,4.83
myargo,User9,14.95,30,0,AP0,191.63,186.8,2.59,1220.19,82822.14,84042.33,4.83
myargo,User0,14.95,30,3,AP0,193.41,191.79,0.84,1199.46,83691.32,84890.77,1.62
myargo,User1,14.95,30,0,AP0,193.41,191.79,0.84,1199.46,83691.32,84890.77,1.62
myargo,User2,14.95,30,0,AP0,193.41,191.79,0.84,1199.46,83691.32,84890.77,1.62
myargo,User3,14.95,30,10.65,AP0,193.41,191.79,0.84,1199.46,83691.32,84890.77,1.62
myargo,User4,14.95,30,0,AP0,193.41,191.79,0.84,1199.46,83691.32,84890.77,1.62
myargo,User5,14.95,30,11.55,AP0,193.41,191.79,0.84,1199.46,83691.32,84890.77,1.62
myargo,User6,14.95,30,0,AP0,193.41,191.79,0.84,1199.46,83691.32,84890.77,1.62
myargo,User7,14.95,30,0,AP0,193.41,191.79,0.84,1199.46,83691.32,84890.77,1.62
myargo,User8,14.95,30,0,AP0,193.41,191.79,0.84,1199.46,83691.32,84890.77,1.62
myargo,User9,14.95,30,0,AP0,193.41,191.79,0.84,1199.46,83691.32,84890.77,1.62
myargo,User0,14.95,30,5.7,AP0,191.04,185,3.26,1219.17,84069.95,85289.12,6.04
myargo,User1,14.95,30,0,AP0,191.04,185,3.26,1219.17,84069.95,85289.12,6.04
myargo,User2,14.95,30,11.7,AP0,191.04,185,3.26,1219.17,84069.95,85289.12,6.04
myargo,User3,14.95,30,0.6,AP0,191.04,185,3.26,1219.17,84069.95,85289.12,6.04
myargo,User4,14.95,30,12.75,AP0,191.04,185,3.26,1219.17,84069.95,85289.12,6.04
myargo,User5,14.95,30,0,AP0,191.04,185,3.26,1219.17,84069.95,85289.12,6.04
myargo,User6,14.95,30,0,AP0,191.04,185,3.26,1219.17,84069.95,85289.12,6.04
myargo,User7,14.95,30,0,AP0,191.04,185,3.26,1219.17,84069.95,85289.12,6.04
myargo,User8,14.95,30,0.75,AP0,191.04,185,3.26,1219.17,84069.95,85289.12,6.04
myargo,User9,14.95,30,10.35,AP0,191.04,185,3.26,1219.17,84069.95,85289.12,6.04
myargo,User0,14.95,30,11.1,AP0,192.28,189.92,1.24,1207.65,83249.04,84456.69,2.36
myargo,User1,14.95,30,0,AP0,192.28,189.92,1.24,1207.65,83249.04,84456.69,2.36
myargo,User2,14.95,30,0,AP0,192.28,189.92,1.24,1207.65,83249.04,84456.69,2.36
myargo,User3,14.95,30,6.15,AP0,192.28,189.92,1.24,1207.65,83249.04,84456.69,2.36
myargo,User4,14.95,30,0,AP0,192.28,189.92,1.24,1207.65,83249.04,84456.69,2.36
myargo,User5,14.95,30,0,AP0,192.28,189.92,1.24,1207.65,83249.04,84456.69,2.36
myargo,User6,14.95,30,0,AP0,192.28,189.92,1.24,1207.65,83249.04,84456.69,2.36
myargo,User7,14.95,30,0,AP0,192.28,189.92,1.24,1207.65,83249.04,84456.69,2.36
myargo,User8,14.95,30,0,AP0,192.28,189.92,1.24,1207.65,83249.04,84456.69,2.36
myargo,User9,14.95,30,5.4,AP0,192.28,189.92,1.24,1207.65,83249.04,84456.69,2.36
myargo,User0,14.95,30,9.3,AP0,190.76,184.41,3.45,1200.94,83980.78,85181.71,6.35
myargo,User1,14.95,30,0,AP0,190.76,184.41,3.45,1200.94,83980.78,85181.71,6.35
myargo,User2,14.95,30,7.35,AP0,190.76,184.41,3.45,1200.94,83980.78,85181.71,6.35
myargo,User3,14.95,30,4.95,AP0,190.76,184.41,3.45,1200.94,83980.78,85181.71,6.35
myargo,User4,14.95,30,0.3,AP0,190.76,184.41,3.45,1200.94,83980.78,85181.71,6.35
myargo,User5,14.95,30,0,AP0,190.76,184.41,3.45,1200.94,83980.78,85181.71,6.35
myargo,User6,14.95,30,12.6,AP0,190.76,184.41,3.45,1200.94,83980.78,85181.71,6.35
myargo,User7,14.95,30,12.45,AP0,190.76,184.41,3.45,1200.94,83980.78,85181.71,6.35
myargo,User8,14.95,30,0,AP0,190.76,184.41,3.45,1200.94,83980.78,85181.71,6.35
myargo,User9,14.95,30,0,AP0,190.76,184.41,3.45,1200.94,83980.78,85181.71,6.35
myargo,User0,14.95,30,0,AP0,190.32,180.27,5.58,1208.02,83865.13,85073.14,10.05
myargo,User1,14.95,30,0,AP0,190.32,180.27,5.58,1208.02,83865.13,85073.14,10.05
myargo,User2,14.95,30,9.75,AP0,190.32,180.27,5.58,1208.02,83865.13,85073.14,10.05
myargo,User3,14.95,30,5.7,AP0,190.32,180.27,5.58,1208.02,83865.13,85073.14,10.05
myargo,User4,14.95,30,11.25,AP0,190.32,180.27,5.58,1208.02,83865.13,85073.14,10.05
myargo,User5,14.95,30,5.25,AP0,190.32,180.27,5.58,1208.02,83865.13,85073.14,10.05
myargo,User6,14.95,30,6.15,AP0,190.32,180.27,5.58,1208.02,83865.13,85073.14,10.05
myargo,User7,14.95,30,1.35,AP0,190.32,180.27,5.58,1208.02,83865.13,85073.14,10.05
myargo,User8,14.95,30,0,AP0,190.32,180.27,5.58,1208.02,83865.13,85073.14,10.05
myargo,User9,14.95,30,9.45,AP0,190.32,180.27,5.58,1208.02,83865.13,85073.14,10.05
myargo,User0,14.95,30,15,AP0,191.18,185.29,3.18,1218.06,84117.79,85335.86,5.89
myargo,User1,14.95,30,0.6,AP0,191.18,185.29,3.18,1218.06,84117.79,85335.86,5.89
myargo,User2,14.95,30,6,AP0,191.18,185.29,3.18,1218.06,84117.79,85335.86,5.89
myargo,User3,14.95,30,6.15,AP0,191.18,185.29,3.18,1218.06,84117.79,85335.86,5.89
myargo,User4,14.95,30,0,AP0,191.18,185.29,3.18,1218.06,84117.79,85335.86,5.89
myargo,User5,14.95,30,2.25,AP0,191.18,185.29,3.18,1218.06,84117.79,85335.86,5.89
myargo,User6,14.95,30,3.6,AP0,191.18,185.29,3.18,1218.06,84117.79,85335.86,5.89
myargo,User7,14.95,30,0,AP0,191.18,185.29,3.18,1218.06,84117.79,85335.86,5.89
myargo,User8,14.95,30,0,AP0,191.18,185.29,3.18,1218.06,84117.79,85335.86,5.89
myargo,User9,14.95,30,7.65,AP0,191.18,185.29,3.18,1218.06,84117.79,85335.86,5.89
myargo,User0,14.95,30,0,AP0,189.77,180.79,4.97,1260.01,83647.27,84907.29,8.98
myargo,User1,14.95,30,0,AP0,189.77,180.79,4.97,1260.01,83647.27,84907.29,8.98
myargo,User2,14.95,30,6.15,AP0,189.77,180.79,4.97,1260.01,83647.27,84907.29,8.98
myargo,User3,14.95,30,9.45,AP0,189.77,180.79,4.97,1260.01,83647.27,84907.29,8.98
myargo,User4,14.95,30,3,AP0,189.77,180.79,4.97,1260.01,83647.27,84907.29,8.98
myargo,User5,14.95,30,4.65,AP0,189.77,180.79,4.97,1260.01,83647.27,84907.29,8.98
myargo,User6,14.95,30,8.55,AP0,189.77,180.79,4.97,1260.01,83647.27,84907.29,8.98
myargo,User7,14.95,30,0,AP0,189.77,180.79,4.97,1260.01,83647.27,84907.29,8.98
myargo,User8,14.95,30,2.55,AP0,189.77,180.79,4.97,1260.01,83647.27,84907.29,8.98
myargo,User9,14.95,30,8.85,AP0,189.77,180.79,4.97,1260.01,83647.27,84907.29,8.98
myargo,User0,14.95,30,0,AP0,191.25,186.92,2.32,1224.81,83257.01,84481.82,4.33
myargo,User1,14.95,30,11.4,AP0,191.25,186.92,2.32,1224.81,83257.01,84481.82,4.33
myargo,User2,14.95,30,0,AP0,191.25,186.92,2.32,1224.81,83257.01,84481.82,4.33
myargo,User3,14.95,30,1.35,AP0,191.25,186.92,2.32,1224.81,83257.01,84481.82,4.33
myargo,User4,14.95,30,0,AP0,191.25,186.92,2.32,1224.81,83257.01,84481.82,4.33
myargo,User5,14.95,30,7.95,AP0,191.25,186.92,2.32,1224.81,83257.01,84481.82,4.33
myargo,User6,14.95,30,0,AP0,191.25,186.92,2.32,1224.81,83257.01,84481.82,4.33
myargo,User7,14.95,30,11.55,AP0,191.25,186.92,2.32,1224.81,83257.01,84481.82,4.33
myargo,User8,14.95,30,3.15,AP0,191.25,186.92,2.32,1224.81,83257.01,84481.82,4.33
myargo,User9,14.95,30,0,AP0,191.25,186.92,2.32,1224.81,83257.01,84481.82,4.33
myargo,User0,14.95,30,13.8,AP0,190.76,180.04,5.95,1200.16,84124.68,85324.84,10.72
myargo,User1,14.95,30,13.5,AP0,190.76,180.04,5.95,1200.16,84124.68,85324.84,10.72
myargo,User2,14.95,30,4.8,AP0,190.76,180.04,5.95,1200.16,84124.68,85324.84,10.72
myargo,User3,14.95,30,8.7,AP0,190.76,180.04,5.95,1200.16,84124.68,85324.84,10.72
myargo,User4,14.95,30,5.25,AP0,190.76,180.04,5.95,1200.16,84124.68,85324.84,10.72
myargo,User5,14.95,30,7.2,AP0,190.76,180.04,5.95,1200.16,84124.68,85324.84,10.72
myargo,User6,14.95,30,0,AP0,190.76,180.04,5.95,1200.16,84124.68,85324.84,10.72
myargo,User7,14.95,30,0,AP0,190.76,180.04,5.95,1200.16,84124.68,85324.84,10.72
myargo,User8,14.95,30,8.4,AP0,190.76,180.04,5.95,1200.16,84124.68,85324.84,10.72
myargo,User9,14.95,30,4.35,AP0,190.76,180.04,5.95,1200.16,84124.68,85324.84,10.72
myargo,User0,14.95,30,0,AP0,190.69,180.34,5.74,1272.14,83424.62,84696.76,10.35
myargo,User1,14.95,30,10.95,AP0,190.69,180.34,5.74,1272.14,83424.62,84696.76,10.35
myargo,User2,14.95,30,10.05,AP0,190.69,180.34,5.74,1272.14,83424.62,84696.76,10.35
myargo,User3,14.95,30,0.6,AP0,190.69,180.34,5.74,1272.14,83424.62,84696.76,10.35
myargo,User4,14.95,30,15,AP0,190.69,180.34,5.74,1272.14,83424.62,84696.76,10.35
myargo,User5,14.95,30,0,AP0,190.69,180.34,5.74,1272.14,83424.62,84696.76,10.35
myargo,User6,14.95,30,12.45,AP0,190.69,180.34,5.74,1272.14,83424.62,84696.76,10.35
myargo,User7,14.95,30,10.65,AP0,190.69,180.34,5.74,1272.14,83424.62,84696.76,10.35
myargo,User8,14.95,30,12.6,AP0,190.69,180.34,5.74,1272.14,83424.62,84696.76,10.35
myargo,User9,14.95,30,6,AP0,190.69,180.34,5.74,1272.14,83424.62,84696.76,10.35
myargo,User0,14.95,30,0,AP0,191.13,184.5,3.59,1204.56,83973.59,85178.15,6.63
myargo,User1,14.95,30,5.1,AP0,191.13,184.5,3.59,1204.56,83973.59,85178.15,6.63
myargo,User2,14.95,30,15,AP0,191.13,184.5,3.59,1204.56,83973.59,85178.15,6.63
myargo,User3,14.95,30,11.7,AP0,191.13,184.5,3.59,1204.56,83973.59,85178.15,6.63
myargo,User4,14.95,30,0,AP0,191.13,184.5,3.59,1204.56,83973.59,85178.15,6.63
myargo,User5,14.95,30,14.7,AP0,191.13,184.5,3.59,1204.56,83973.59,85178.15,6.63
myargo,User6,14.95,30,2.55,AP0,191.13,184.5,3.59,1204.56,83973.59,85178.15,6.63
myargo,User7,14.95,30,7.2,AP0,191.13,184.5,3.59,1204.56,83973.59,85178.15,6.63
myargo,User8,14.95,30,0,AP0,191.13,184.5,3.59,1204.56,83973.59,85178.15,6.63
myargo,User9,14.95,30,5.85,AP0,191.13,184.5,3.59,1204.56,83973.59,85178.15,6.63
myargo,User0,14.95,30,0,AP0,191.25,188.86,1.26,1215.13,83452.64,84667.77,2.39
myargo,User1,14.95,30,0,AP0,191.25,188.86,1.26,1215.13,83452.64,84667.77,2.39
myargo,User2,14.95,30,7.35,AP0,191.25,188.86,1.26,1215.13,83452.64,84667.77,2.39
myargo,User3,14.95,30,2.85,AP0,191.25,188.86,1.26,1215.13,83452.64,84667.77,2.39
myargo,User4,14.95,30,0,AP0,191.25,188.86,1.26,1215.13,83452.64,84667.77,2.39
myargo,User5,14.95,30,0,AP0,191.25,188.86,1.26,1215.13,83452.64,84667.77,2.39
myargo,User6,14.95,30,0,AP0,191.25,188.86,1.26,1215.13,83452.64,84667.77,2.39
myargo,User7,14.95,30,10.05,AP0,191.25,188.86,1.26,1215.13,83452.64,84667.77,2.39
myargo,User8,14.95,30,0,AP0,191.25,188.86,1.26,1215.13,83452.64,84667.77,2.39
myargo,User9,14.95,30,0,AP0,191.25,188.86,1.26,1215.13,83452.64,84667.77,2.39
myargo,User0,14.95,30,15,AP0,190.69,183.5,3.92,1241.78,83896.98,85138.77,7.19
myargo,User1,14.95,30,0.15,AP0,190.69,183.5,3.92,1241.78,83896.98,85138.77,7.19
myargo,User2,14.95,30,7.5,AP0,190.69,183.5,3.92,1241.78,83896.98,85138.77,7.19
myargo,User3,14.95,30,2.25,AP0,190.69,183.5,3.92,1241.78,83896.98,85138.77,7.19
myargo,User4,14.95,30,7.35,AP0,190.69,183.5,3.92,1241.78,83896.98,85138.77,7.19
myargo,User5,14.95,30,0,AP0,190.69,183.5,3.92,1241.78,83896.98,85138.77,7.19
myargo,User6,14.95,30,9.3,AP0,190.69,183.5,3.92,1241.78,83896.98,85138.77,7.19
myargo,User7,14.95,30,0,AP0,190.69,183.5,3.92,1241.78,83896.98,85138.77,7.19
myargo,User8,14.95,30,0,AP0,190.69,183.5,3.92,1241.78,83896.98,85138.77,7.19
myargo,User9,14.95,30,11.55,AP0,190.69,183.5,3.92,1241.78,83896.98,85138.77,7.19
myargo,User0,14.95,30,0,AP0,191.25,187.94,1.76,1259.22,83383.73,84642.95,3.31
myargo,User1,14.95,30,7.65,AP0,191.25,187.94,1.76,1259.22,83383.73,84642.95,3.31
myargo,User2,14.95,30,0,AP0,191.25,187.94,1.76,1259.22,83383.73,84642.95,3.31
myargo,User3,14.95,30,7.95,AP0,191.25,187.94,1.76,1259.22,83383.73,84642.95,3.31
myargo,User4,14.95,30,0,AP0,191.25,187.94,1.76,1259.22,83383.73,84642.95,3.31
myargo,User5,14.95,30,8.55,AP0,191.25,187.94,1.76,1259.22,83383.73,84642.95,3.31
myargo,User6,14.95,30,0,AP0,191.25,187.94,1.76,1259.22,83383.73,84642.95,3.31
myargo,User7,14.95,30,0,AP0,191.25,187.94,1.76,1259.22,83383.73,84642.95,3.31
myargo,User8,14.95,30,0,AP0,191.25,187.94,1.76,1259.22,83383.73,84642.95,3.31
myargo,User9,14.95,30,15,AP0,191.25,187.94,1.76,1259.22,83383.73,84642.95,3.31
myargo,User0,14.95,30,2.7,AP0,191.63,186.8,2.59,1209.66,84058.01,85267.68,4.83
myargo,User1,14.95,30,0,AP0,191.63,186.8,2.59,1209.66,84058.01,85267.68,4.83
myargo,User2,14.95,30,0,AP0,191.63,186.8,2.59,1209.66,84058.01,85267.68,4.83
myargo,User3,14.95,30,3.3,AP0,191.63,186.8,2.59,1209.66,84058.01,85267.68,4.83
myargo,User4,14.95,30,14.55,AP0,191.63,186.8,2.59,1209.66,84058.01,85267.68,4.83
myargo,User5,14.95,30,6.9,AP0,191.63,186.8,2.59,1209.66,84058.01,85267.68,4.83
myargo,User6,14.95,30,0.3,AP0,191.63,186.8,2.59,1209.66,84058.01,85267.68,4.83
myargo,User7,14.95,30,0,AP0,191.63,186.8,2.59,1209.66,84058.01,85267.68,4.83
myargo,User8,14.95,30,6.15,AP0,191.63,186.8,2.59,1209.66,84058.01,85267.68,4.83
myargo,User9,14.95,30,0,AP0,191.63,186.8,2.59,1209.66,84058.01,85267.68,4.83
myargo,User0,14.95,30,14.4,AP0,191.18,187.34,2.05,1200.83,83849.47,85050.3,3.84
myargo,User1,14.95,30,4.35,AP0,191.18,187.34,2.05,1200.83,83849.47,85050.3,3.84
myargo,User2,14.95,30,0,AP0,191.18,187.34,2.05,1200.83,83849.47,85050.3,3.84
myargo,User3,14.95,30,3.75,AP0,191.18,187.34,2.05,1200.83,83849.47,85050.3,3.84
myargo,User4,14.95,30,1.05,AP0,191.18,187.34,2.05,1200.83,83849.47,85050.3,3.84
myargo,User5,14.95,30,0,AP0,191.18,187.34,2.05,1200.83,83849.47,85050.3,3.84
myargo,User6,14.95,30,0,AP0,191.18,187.34,2.05,1200.83,83849.47,85050.3,3.84
myargo,User7,14.95,30,0,AP0,191.18,187.34,2.05,1200.83,83849.47,85050.3,3.84
myargo,User8,14.95,30,7.8,AP0,191.18,187.34,2.05,1200.83,83849.47,85050.3,3.84
myargo,User9,14.95,30,0,AP0,191.18,187.34,2.05,1200.83,83849.47,85050.3,3.84
myargo,User0,14.95,30,5.55,AP0,190.25,183.28,3.8,1219.95,83377.57,84597.52,6.97
myargo,User1,14.95,30,0,AP0,190.25,183.28,3.8,1219.95,83377.57,84597.52,6.97
myargo,User2,14.95,30,0,AP0,190.25,183.28,3.8,1219.95,83377.57,84597.52,6.97
myargo,User3,14.95,30,1.2,AP0,190.25,183.28,3.8,1219.95,83377.57,84597.52,6.97
myargo,User4,14.95,30,0,AP0,190.25,183.28,3.8,1219.95,83377.57,84597.52,6.97
myargo,User5,14.95,30,9.75,AP0,190.25,183.28,3.8,1219.95,83377.57,84597.52,6.97
myargo,User6,14.95,30,0,AP0,190.25,183.28,3.8,1219.95,83377.57,84597.52,6.97
myargo,User7,14.95,30,2.7,AP0,190.25,183.28,3.8,1219.95,83377.57,84597.52,6.97
myargo,User8,14.95,30,11.7,AP0,190.25,183.28,3.8,1219.95,83377.57,84597.52,6.97
myargo,User9,14.95,30,7.05,AP0,190.25,183.28,3.8,1219.95,83377.57,84597.52,6.97
myargo,User0,14.95,30,14.1,AP0,190.25,184.05,3.37,1234.91,83829.58,85064.49,6.2
myargo,User1,14.95,30,3.45,AP0,190.25,184.05,3.37,1234.91,83829.58,85064.49,6.2
myargo,User2,14.95,30,0,AP0,190.25,184.05,3.37,1234.91,83829.58,85064.49,6.2
myargo,User3,14.95,30,0,AP0,190.25,184.05,3.37,1234.91,83829.58,85064.49,6.2
myargo,User4,14.95,30,0,AP0,190.25,184.05,3.37,1234.91,83829.58,85064.49,6.2
myargo,User5,14.95,30,4.65,AP0,190.25,184.05,3.37,1234.91,83829.58,85064.49,6.2
myargo,User6,14.95,30,0,AP0,190.25,184.05,3.37,1234.91,83829.58,85064.49,6.2
myargo,User7,14.95,30,7.5,AP0,190.25,184.05,3.37,1234.91,83829.58,85064.49,6.2
myargo,User8,14.95,30,0.75,AP0,190.25,184.05,3.37,1234.91,83829.58,85064.49,6.2
myargo,User9,14.95,30,10.35,AP0,190.25,184.05,3.37,1234.91,83829.58,85064.49,6.2
myargo,User0,14.95,30,1.8,AP0,191.69,188.42,1.74,1248.21,83467.33,84715.53,3.27
myargo,User1,14.95,30,0,AP0,191.69,188.42,1.74,1248.21,83467.33,84715.53,3.27
myargo,User2,14.95,30,0,AP0,191.69,188.42,1.74,1248.21,83467.33,84715.53,3.27
myargo,User3,14.95,30,0,AP0,191.69,188.42,1.74,1248.21,83467.33,84715.53,3.27
myargo,User4,14.95,30,13.5,AP0,191.69,188.42,1.74,1248.21,83467.33,84715.53,3.27
myargo,User5,14.95,30,15,AP0,191.69,188.42,1.74,1248.21,83467.33,84715.53,3.27
myargo,User6,14.95,30,0,AP0,191.69,188.42,1.74,1248.21,83467.33,84715.53,3.27
myargo,User7,14.95,30,6.75,AP0,191.69,188.42,1.74,1248.21,83467.33,84715.53,3.27
myargo,User8,14.95,30,3.6,AP0,191.69,188.42,1.74,1248.21,83467.33,84715.53,3.27
myargo,User9,14.95,30,0,AP0,191.69,188.42,1.74,1248.21,83467.33,84715.53,3.27
myargo,User0,14.95,30,0,AP0,191.76,189.16,1.37,1191.58,83493.49,84685.07,2.6
myargo,User1,14.95,30,0,AP0,191.76,189.16,1.37,1191.58,83493.49,84685.07,2.6
myargo,User2,14.95,30,0,AP0,191.76,189.16,1.37,1191.58,83493.49,84685.07,2.6
myargo,User3,14.95,30,0,AP0,191.76,189.16,1.37,1191.58,83493.49,84685.07,2.6
myargo,User4,14.95,30,9.45,AP0,191.76,189.16,1.37,1191.58,83493.49,84685.07,2.6
myargo,User5,14.95,30,0,AP0,191.76,189.16,1.37,1191.58,83493.49,84685.07,2.6
myargo,User6,14.95,30,0,AP0,191.76,189.16,1.37,1191.58,83493.49,84685.07,2.6
myargo,User7,14.95,30,11.25,AP0,191.76,189.16,1.37,1191.58,83493.49,84685.07,2.6
myargo,User8,14.95,30,0,AP0,191.76,189.16,1.37,1191.58,83493.49,84685.07,2.6
myargo,User9,14.95,30,8.25,AP0,191.76,189.16,1.37,1191.58,83493.49,84685.07,2.6
myargo,User0,14.95,30,12,AP0,189.17,174.45,8.44,1227.9,84011.71,85239.61,14.72
myargo,User1,14.95,30,15,AP0,189.17,174.45,8.44,1227.9,84011.71,85239.61,14.72
myargo,User2,14.95,30,2.4,AP0,189.17,174.45,8.44,1227.9,84011.71,85239.61,14.72
myargo,User3,14.95,30,0.15,AP0,189.17,174.45,8.44,1227.9,84011.71,85239.61,14.72
myargo,User4,14.95,30,0,AP0,189.17,174.45,8.44,1227.9,84011.71,85239.61,14.72
myargo,User5,14.95,30,6.6,AP0,189.17,174.45,8.44,1227.9,84011.71,85239.61,14.72
myargo,User6,14.95,30,0.45,AP0,189.17,174.45,8.44,1227.9,84011.71,85239.61,14.72
myargo,User7,14.95,30,9.9,AP0,189.17,174.45,8.44,1227.9,84011.71,85239.61,14.72
myargo,User8,14.95,30,14.1,AP0,189.17,174.45,8.44,1227.9,84011.71,85239.61,14.72
myargo,User9,14.95,30,7.35,AP0,189.17,174.45,8.44,1227.9,84011.71,85239.61,14.72
myargo,User0,14.95,30,0,AP0,190.32,184.56,3.12,1256.54,83606.6,84863.14,5.76
myargo,User1,14.95,30,0,AP0,190.32,184.56,3.12,1256.54,83606.6,84863.14,5.76
myargo,User2,14.95,30,0,AP0,190.32,184.56,3.12,1256.54,83606.6,84863.14,5.76
myargo,User3,14.95,30,13.35,AP0,190.32,184.56,3.12,1256.54,83606.6,84863.14,5.76
myargo,User4,14.95,30,5.7,AP0,190.32,184.56,3.12,1256.54,83606.6,84863.14,5.76
myargo,User5,14.95,30,12.9,AP0,190.32,184.56,3.12,1256.54,83606.6,84863.14,5.76
myargo,User6,14.95,30,0,AP0,190.32,184.56,3.12,1256.54,83606.6,84863.14,5.76
myargo,User7,14.95,30,0,AP0,190.32,184.56,3.12,1256.54,83606.6,84863.14,5.76
myargo,User8,14.95,30,7.2,AP0,190.32,184.56,3.12,1256.54,83606.6,84863.14,5.76
myargo,User9,14.95,30,0.15,AP0,190.32,184.56,3.12,1256.54,83606.6,84863.14,5.76
myargo,User0,14.95,30,2.25,AP0,189.77,178,6.61,1237.4,83830.53,85067.93,11.77
myargo,User1,14.95,30,5.1,AP0,189.77,178,6.61,1237.4,83830.53,85067.93,11.77
myargo,User2,14.95,30,8.4,AP0,189.77,178,6.61,1237.4,83830.53,85067.93,11.77
myargo,User3,14.95,30,9,AP0,189.77,178,6.61,1237.4,83830.53,85067.93,11.77
myargo,User4,14.95,30,1.5,AP0,189.77,178,6.61,1237.4,83830.53,85067.93,11.77
myargo,User5,14.95,30,0,AP0,189.77,178,6.61,1237.4,83830.53,85067.93,11.77
myargo,User6,14.95,30,9.45,AP0,189.77,178,6.61,1237.4,83830.53,85067.93,11.77
myargo,User7,14.95,30,5.7,AP0,189.77,178,6.61,1237.4,83830.53,85067.93,11.77
myargo,User8,14.95,30,0,AP0,189.77,178,6.61,1237.4,83830.53,85067.93,11.77
myargo,User9,14.95,30,1.05,AP0,189.77,178,6.61,1237.4,83830.53,85067.93,11.77
myargo,User0,14.95,30,0,AP0,191.04,189.82,0.65,1229.9,83409.81,84639.71,1.22
myargo,User1,14.95,30,0,AP0,191.04,189.82,0.65,1229.9,83409.81,84639.71,1.22
myargo,User2,14.95,30,12.15,AP0,191.04,189.82,0.65,1229.9,83409.81,84639.71,1.22
myargo,User3,14.95,30,0,AP0,191.04,189.82,0.65,1229.9,83409.81,84639.71,1.22
myargo,User4,14.95,30,0,AP0,191.04,189.82,0.65,1229.9,83409.81,84639.71,1.22
myargo,User5,14.95,30,0,AP0,191.04,189.82,0.65,1229.9,83409.81,84639.71,1.22
myargo,User6,14.95,30,0,AP0,191.04,189.82,0.65,1229.9,83409.81,84639.71,1.22
myargo,User7,14.95,30,15,AP0,191.04,189.82,0.65,1229.9,83409.81,84639.71,1.22
myargo,User8,14.95,30,0,AP0,191.04,189.82,0.65,1229.9,83409.81,84639.71,1.22
myargo,User9,14.95,30,0,AP0,191.04,189.82,0.65,1229.9,83409.81,84639.71,1.22
myargo,User0,14.95,30,9.75,AP0,192.23,188.61,1.92,1237.09,83066.16,84303.25,3.62
myargo,User1,14.95,30,1.05,AP0,192.23,188.61,1.92,1237.09,83066.16,84303.25,3.62
myargo,User2,14.95,30,0,AP0,192.23,188.61,1.92,1237.09,83066.16,84303.25,3.62
myargo,User3,14.95,30,14.25,AP0,192.23,188.61,1.92,1237.09,83066.16,84303.25,3.62
myargo,User4,14.95,30,0,AP0,192.23,188.61,1.92,1237.09,83066.16,84303.25,3.62
myargo,User5,14.95,30,10.95,AP0,192.23,188.61,1.92,1237.09,83066.16,84303.25,3.62
myargo,User6,14.95,30,3.9,AP0,192.23,188.61,1.92,1237.09,83066.16,84303.25,3.62
myargo,User7,14.95,30,0,AP0,192.23,188.61,1.92,1237.09,83066.16,84303.25,3.62
myargo,User8,14.95,30,0,AP0,192.23,188.61,1.92,1237.09,83066.16,84303.25,3.62
myargo,User9,14.95,30,0,AP0,192.23,188.61,1.92,1237.09,83066.16,84303.25,3.62
myargo,User0,14.95,30,9.9,AP0,191.25,187.7,1.89,1223.28,83561.39,84784.66,3.55
myargo,User1,14.95,30,0,AP0,191.25,187.7,1.89,1223.28,83561.39,84784.66,3.55
myargo,User2,14.95,30,0,AP0,191.25,187.7,1.89,1223.28,83561.39,84784.66,3.55
myargo,User3,14.95,30,7.35,AP0,191.25,187.7,1.89,1223.28,83561.39,84784.66,3.55
myargo,User4,14.95,30,0,AP0,191.25,187.7,1.89,1223.28,83561.39,84784.66,3.55
myargo,User5,14.95,30,8.4,AP0,191.25,187.7,1.89,1223.28,83561.39,84784.66,3.55
myargo,User6,14.95,30,0,AP0,191.25,187.7,1.89,1223.28,83561.39,84784.66,3.55
myargo,User7,14.95,30,0,AP0,191.25,187.7,1.89,1223.28,83561.39,84784.66,3.55
myargo,User8,14.95,30,0.75,AP0,191.25,187.7,1.89,1223.28,83561.39,84784.66,3.55
myargo,User9,14.95,30,0,AP0,191.25,187.7,1.89,1223.28,83561.39,84784.66,3.55
myargo,User0,14.95,30,0,AP0,191.18,185.92,2.83,1225.59,83878.49,85104.08,5.26
myargo,User1,14.95,30,0,AP0,191.18,185.92,2.83,1225.59,83878.49,85104.08,5.26
myargo,User2,14.95,30,12.9,AP0,191.18,185.92,2.83,1225.59,83878.49,85104.08,5.26
myargo,User3,14.95,30,8.55,AP0,191.18,185.92,2.83,1225.59,83878.49,85104.08,5.26
myargo,User4,14.95,30,3.75,AP0,191.18,185.92,2.83,1225.59,83878.49,85104.08,5.26
myargo,User5,14.95,30,0,AP0,191.18,185.92,2.83,1225.59,83878.49,85104.08,5.26
myargo,User6,14.95,30,0,AP0,191.18,185.92,2.83,1225.59,83878.49,85104.08,5.26
myargo,User7,14.95,30,8.55,AP0,191.18,185.92,2.83,1225.59,83878.49,85104.08,5.26
myargo,User8,14.95,30,2.25,AP0,191.18,185.92,2.83,1225.59,83878.49,85104.08,5.26
myargo,User9,14.95,30,1.2,AP0,191.18,185.92,2.83,1225.59,83878.49,85104.08,5.26
myargo,User0,14.95,30,0,AP0,191.88,188.93,1.56,1239.72,83690.41,84930.13,2.95
myargo,User1,14.95,30,3.15,AP0,191.88,188.93,1.56,1239.72,83690.41,84930.13,2.95
myargo,User2,14.95,30,0,AP0,191.88,188.93,1.56,1239.72,83690.41,84930.13,2.95
myargo,User3,14.95,30,10.65,AP0,191.88,188.93,1.56,1239.72,83690.41,84930.13,2.95
myargo,User4,14.95,30,3.75,AP0,191.88,188.93,1.56,1239.72,83690.41,84930.13,2.95
myargo,User5,14.95,30,0,AP0,191.88,188.93,1.56,1239.72,83690.41,84930.13,2.95
myargo,User6,14.95,30,0,AP0,191.88,188.93,1.56,1239.72,83690.41,84930.13,2.95
myargo,User7,14.95,30,3.9,AP0,191.88,188.93,1.56,1239.72,83690.41,84930.13,2.95
myargo,User8,14.95,30,3.3,AP0,191.88,188.93,1.56,1239.72,83690.41,84930.13,2.95
myargo,User9,14.95,30,0,AP0,191.88,188.93,1.56,1239.72,83690.41,84930.13,2.95
myargo,User0,14.95,30,10.8,AP0,191.82,188.61,1.7,1196.21,83846.5,85042.71,3.21
myargo,User1,14.95,30,0.3,AP0,191.82,188.61,1.7,1196.21,83846.5,85042.71,3.21
myargo,User2,14.95,30,0,AP0,191.82,188.61,1.7,1196.21,83846.5,85042.71,3.21
myargo,User3,14.95,30,6.45,AP0,191.82,188.61,1.7,1196.21,83846.5,85042.71,3.21
myargo,User4,14.95,30,0,AP0,191.82,188.61,1.7,1196.21,83846.5,85042.71,3.21
myargo,User5,14.95,30,15,AP0,191.82,188.61,1.7,1196.21,83846.5,85042.71,3.21
myargo,User6,14.95,30,1.8,AP0,191.82,188.61,1.7,1196.21,83846.5,85042.71,3.21
myargo,User7,14.95,30,0,AP0,191.82,188.61,1.7,1196.21,83846.5,85042.71,3.21
myargo,User8,14.95,30,0,AP0,191.82,188.61,1.7,1196.21,83846.5,85042.71,3.21
myargo,User9,14.95,30,0,AP0,191.82,188.61,1.7,1196.21,83846.5,85042.71,3.21
myargo,User0,14.95,30,13.65,AP0,189.77,180.79,4.97,1255.25,83489.47,84744.72,8.98
myargo,User1,14.95,30,11.7,AP0,189.77,180.79,4.97,1255.25,83489.47,84744.72,8.98
myargo,User2,14.95,30,0,AP0,189.77,180.79,4.97,1255.25,83489.47,84744.72,8.98
myargo,User3,14.95,30,0,AP0,189.77,180.79,4.97,1255.25,83489.47,84744.72,8.98
myargo,User4,14.95,30,6.6,AP0,189.77,180.79,4.97,1255.25,83489.47,84744.72,8.98
myargo,User5,14.95,30,0,AP0,189.77,180.79,4.97,1255.25,83489.47,84744.72,8.98
myargo,User6,14.95,30,1.2,AP0,189.77,180.79,4.97,1255.25,83489.47,84744.72,8.98
myargo,User7,14.95,30,9.15,AP0,189.77,180.79,4.97,1255.25,83489.47,84744.72,8.98
myargo,User8,14.95,30,2.85,AP0,189.77,180.79,4.97,1255.25,83489.47,84744.72,8.98
myargo,User9,14.95,30,2.1,AP0,189.77,180.79,4.97,1255.25,83489.47,84744.72,8.98
myargo,User0,14.95,30,0,AP0,191.69,189.07,1.39,1224.86,83445.78,84670.64,2.62
myargo,User1,14.95,30,0,AP0,191.69,189.07,1.39,1224.86,83445.78,84670.64,2.62
myargo,User2,14.95,30,15,AP0,191.69,189.07,1.39,1224.86,83445.78,84670.64,2.62
myargo,User3,14.95,30,0,AP0,191.69,189.07,1.39,1224.86,83445.78,84670.64,2.62
myargo,User4,14.95,30,6,AP0,191.69,189.07,1.39,1224.86,83445.78,84670.64,2.62
myargo,User5,14.95,30,0,AP0,191.69,189.07,1.39,1224.86,83445.78,84670.64,2.62
myargo,User6,14.95,30,0,AP0,191.69,189.07,1.39,1224.86,83445.78,84670.64,2.62
myargo,User7,14.95,30,9.3,AP0,191.69,189.07,1.39,1224.86,83445.78,84670.64,2.62
myargo,User8,14.95,30,1.95,AP0,191.69,189.07,1.39,1224.86,83445.78,84670.64,2.62
myargo,User9,14.95,30,0,AP0,191.69,189.07,1.39,1224.86,83445.78,84670.64,2.62
myargo,User0,14.95,30,10.35,AP0,191.31,187.56,2,1195.51,83216.65,84412.16,3.75
myargo,User1,14.95,30,13.2,AP0,191.31,187.56,2,1195.51,83216.65,84412.16,3.75
myargo,User2,14.95,30,0,AP0,191.31,187.56,2,1195.51,83216.65,84412.16,3.75
myargo,User3,14.95,30,4.05,AP0,191.31,187.56,2,1195.51,83216.65,84412.16,3.75
myargo,User4,14.95,30,0,AP0,191.31,187.56,2,1195.51,83216.65,84412.16,3.75
myargo,User5,14.95,30,0,AP0,191.31,187.56,2,1195.51,83216.65,84412.16,3.75
myargo,User6,14.95,30,0.45,AP0,191.31,187.56,2,1195.51,83216.65,84412.16,3.75
myargo,User7,14.95,30,3.3,AP0,191.31,187.56,2,1195.51,83216.65,84412.16,3.75
myargo,User8,14.95,30,0,AP0,191.31,187.56,2,1195.51,83216.65,84412.16,3.75
myargo,User9,14.95,30,0,AP0,191.31,187.56,2,1195.51,83216.65,84412.16,3.75
myargo,User0,14.95,30,2.4,AP0,186.76,178,4.92,1249.73,83873.67,85123.4,8.76
myargo,User1,14.95,30,0,AP0,186.76,178,4.92,1249.73,83873.67,85123.4,8.76
myargo,User2,14.95,30,6.75,AP0,186.76,178,4.92,1249.73,83873.67,85123.4,8.76
myargo,User3,14.95,30,15,AP0,186.76,178,4.92,1249.73,83873.67,85123.4,8.76
myargo,User4,14.95,30,15,AP0,186.76,178,4.92,1249.73,83873.67,85123.4,8.76
myargo,User5,14.95,30,8.7,AP0,186.76,178,4.92,1249.73,83873.67,85123.4,8.76
myargo,User6,14.95,30,0,AP0,186.76,178,4.92,1249.73,83873.67,85123.4,8.76
myargo,User7,14.95,30,1.95,AP0,186.76,178,4.92,1249.73,83873.67,85123.4,8.76
myargo,User8,14.95,30,0,AP0,186.76,178,4.92,1249.73,83873.67,85123.4,8.76
myargo,User9,14.95,30,5.7,AP0,186.76,178,4.92,1249.73,83873.67,85123.4,8.76
myargo,User0,14.95,30,0,AP0,191.94,189.22,1.43,1182.37,83894.17,85076.54,2.72
myargo,User1,14.95,30,0,AP0,191.94,189.22,1.43,1182.37,83894.17,85076.54,2.72
myargo,User2,14.95,30,3.45,AP0,191.94,189.22,1.43,1182.37,83894.17,85076.54,2.72
myargo,User3,14.95,30,2.1,AP0,191.94,189.22,1.43,1182.37,83894.17,85076.54,2.72
myargo,User4,14.95,30,0,AP0,191.94,189.22,1.43,1182.37,83894.17,85076.54,2.72
myargo,User5,14.95,30,0,AP0,191.94,189.22,1.43,1182.37,83894.17,85076.54,2.72
myargo,User6,14.95,30,0,AP0,191.94,189.22,1.43,1182.37,83894.17,85076.54,2.72
myargo,User7,14.95,30,0,AP0,191.94,189.22,1.43,1182.37,83894.17,85076.54,2.72
myargo,User8,14.95,30,12.6,AP0,191.94,189.22,1.43,1182.37,83894.17,85076.54,2.72
myargo,User9,14.95,30,9.9,AP0,191.94,189.22,1.43,1182.37,83894.17,85076.54,2.72
myargo,User0,14.95,30,0,AP0,190.55,181.87,4.77,1244.61,83237.14,84481.75,8.68
myargo,User1,14.95,30,3,AP0,190.55,181.87,4.77,1244.61,83237.14,84481.75,8.68
myargo,User2,14.95,30,11.25,AP0,190.55,181.87,4.77,1244.61,83237.14,84481.75,8.68
myargo,User3,14.95,30,8.1,AP0,190.55,181.87,4.77,1244.61,83237.14,84481.75,8.68
myargo,User4,14.95,30,5.4,AP0,190.55,181.87,4.77,1244.61,83237.14,84481.75,8.68
myargo,User5,14.95,30,0,AP0,190.55,181.87,4.77,1244.61,83237.14,84481.75,8.68
myargo,User6,14.95,30,11.25,AP0,190.55,181.87,4.77,1244.61,83237.14,84481.75,8.68
myargo,User7,14.95,30,6.15,AP0,190.55,181.87,4.77,1244.61,83237.14,84481.75,8.68
myargo,User8,14.95,30,0,AP0,190.55,181.87,4.77,1244.61,83237.14,84481.75,8.68
myargo,User9,14.95,30,0.9,AP0,190.55,181.87,4.77,1244.61,83237.14,84481.75,8.68
myargo,User0,14.95,30,0,AP0,191.44,189.14,1.22,1235.56,82752.87,83988.43,2.3
myargo,User1,14.95,30,0,AP0,191.44,189.14,1.22,1235.56,82752.87,83988.43,2.3
myargo,User2,14.95,30,10.65,AP0,191.44,189.14,1.22,1235.56,82752.87,83988.43,2.3
myargo,User3,14.95,30,0,AP0,191.44,189.14,1.22,1235.56,82752.87,83988.43,2.3
myargo,User4,14.95,30,6,AP0,191.44,189.14,1.22,1235.56,82752.87,83988.43,2.3
myargo,User5,14.95,30,0,AP0,191.44,189.14,1.22,1235.56,82752.87,83988.43,2.3
myargo,User6,14.95,30,0,AP0,191.44,189.14,1.22,1235.56,82752.87,83988.43,2.3
myargo,User7,14.95,30,0,AP0,191.44,189.14,1.22,1235.56,82752.87,83988.43,2.3
myargo,User8,14.95,30,1.2,AP0,191.44,189.14,1.22,1235.56,82752.87,83988.43,2.3
myargo,User9,14.95,30,0,AP0,191.44,189.14,1.22,1235.56,82752.87,83988.43,2.3
myargo,User0,14.95,30,0,AP0,190.32,181.74,4.72,1274.32,83593.01,84867.33,8.58
myargo,User1,14.95,30,9.6,AP0,190.32,181.74,4.72,1274.32,83593.01,84867.33,8.58
myargo,User2,14.95,30,9.15,AP0,190.32,181.74,4.72,1274.32,83593.01,84867.33,8.58
myargo,User3,14.95,30,7.95,AP0,190.32,181.74,4.72,1274.32,83593.01,84867.33,8.58
myargo,User4,14.95,30,0,AP0,190.32,181.74,4.72,1274.32,83593.01,84867.33,8.58
myargo,User5,14.95,30,11.4,AP0,190.32,181.74,4.72,1274.32,83593.01,84867.33,8.58
myargo,User6,14.95,30,0,AP0,190.32,181.74,4.72,1274.32,83593.01,84867.33,8.58
myargo,User7,14.95,30,0,AP0,190.32,181.74,4.72,1274.32,83593.01,84867.33,8.58
myargo,User8,14.95,30,7.95,AP0,190.32,181.74,4.72,1274.32,83593.01,84867.33,8.58
myargo,User9,14.95,30,8.55,AP0,190.32,181.74,4.72,1274.32,83593.01,84867.33,8.58
myargo,User0,14.95,30,0,AP0,190.32,183.83,3.53,1207.56,84404.03,85611.6,6.49
myargo,User1,14.95,30,6,AP0,190.32,183.83,3.53,1207.56,84404.03,85611.6,6.49
myargo,User2,14.95,30,0,AP0,190.32,183.83,3.53,1207.56,84404.03,85611.6,6.49
myargo,User3,14.95,30,0,AP0,190.32,183.83,3.53,1207.56,84404.03,85611.6,6.49
myargo,User4,14.95,30,0,AP0,190.32,183.83,3.53,1207.56,84404.03,85611.6,6.49
myargo,User5,14.95,30,0,AP0,190.32,183.83,3.53,1207.56,84404.03,85611.6,6.49
myargo,User6,14.95,30,9.9,AP0,190.32,183.83,3.53,1207.56,84404.03,85611.6,6.49
myargo,User7,14.95,30,7.5,AP0,190.32,183.83,3.53,1207.56,84404.03,85611.6,6.49
myargo,User8,14.95,30,14.55,AP0,190.32,183.83,3.53,1207.56,84404.03,85611.6,6.49
myargo,User9,14.95,30,5.7,AP0,190.32,183.83,3.53,1207.56,84404.03,85611.6,6.49
myargo,User0,14.95,30,0,AP0,192.28,191.44,0.44,1189.51,83563.48,84752.99,0.84
myargo,User1,14.95,30,0,AP0,192.28,191.44,0.44,1189.51,83563.48,84752.99,0.84
myargo,User2,14.95,30,4.35,AP0,192.28,191.44,0.44,1189.51,83563.48,84752.99,0.84
myargo,User3,14.95,30,0,AP0,192.28,191.44,0.44,1189.51,83563.48,84752.99,0.84
myargo,User4,14.95,30,0,AP0,192.28,191.44,0.44,1189.51,83563.48,84752.99,0.84
myargo,User5,14.95,30,0,AP0,192.28,191.44,0.44,1189.51,83563.48,84752.99,0.84
myargo,User6,14.95,30,0,AP0,192.28,191.44,0.44,1189.51,83563.48,84752.99,0.84
myargo,User7,14.95,30,0,AP0,192.28,191.44,0.44,1189.51,83563.48,84752.99,0.84
myargo,User8,14.95,30,0,AP0,192.28,191.44,0.44,1189.51,83563.48,84752.99,0.84
myargo,User9,14.95,30,1.35,AP0,192.28,191.44,0.44,1189.51,83563.48,84752.99,0.84
myargo,User0,14.95,30,0,AP0,193.36,192.15,0.63,1218.3,83224.39,84442.68,1.21
myargo,User1,14.95,30,0,AP0,193.36,192.15,0.63,1218.3,83224.39,84442.68,1.21
myargo,User2,14.95,30,0,AP0,193.36,192.15,0.63,1218.3,83224.39,84442.68,1.21
myargo,User3,14.95,30,14.4,AP0,193.36,192.15,0.63,1218.3,83224.39,84442.68,1.21
myargo,User4,14.95,30,0,AP0,193.36,192.15,0.63,1218.3,83224.39,84442.68,1.21
myargo,User5,14.95,30,8.7,AP0,193.36,192.15,0.63,1218.3,83224.39,84442.68,1.21
myargo,User6,14.95,30,0,AP0,193.36,192.15,0.63,1218.3,83224.39,84442.68,1.21
myargo,User7,14.95,30,0,AP0,193.36,192.15,0.63,1218.3,83224.39,84442.68,1.21
myargo,User8,14.95,30,0,AP0,193.36,192.15,0.63,1218.3,83224.39,84442.68,1.21
myargo,User9,14.95,30,0,AP0,193.36,192.15,0.63,1218.3,83224.39,84442.68,1.21
myargo,User0,14.95,30,5.25,AP0,192.77,190.61,1.13,1230.64,83566.42,84797.05,2.16
myargo,User1,14.95,30,11.7,AP0,192.77,190.61,1.13,1230.64,83566.42,84797.05,2.16
myargo,User2,14.95,30,0,AP0,192.77,190.61,1.13,1230.64,83566.42,84797.05,2.16
myargo,User3,14.95,30,0,AP0,192.77,190.61,1.13,1230.64,83566.42,84797.05,2.16
myargo,User4,14.95,30,0,AP0,192.77,190.61,1.13,1230.64,83566.42,84797.05,2.16
myargo,User5,14.95,30,0,AP0,192.77,190.61,1.13,1230.64,83566.42,84797.05,2.16
myargo,User6,14.95,30,0,AP0,192.77,190.61,1.13,1230.64,83566.42,84797.05,2.16
myargo,User7,14.95,30,0,AP0,192.77,190.61,1.13,1230.64,83566.42,84797.05,2.16
myargo,User8,14.95,30,9.15,AP0,192.77,190.61,1.13,1230.64,83566.42,84797.05,2.16
myargo,User9,14.95,30,0,AP0,192.77,190.61,1.13,1230.64,83566.42,84797.05,2.16
myargo,User0,14.95,30,0,AP0,190.76,184.76,3.25,1222.67,83840.09,85062.75,6
myargo,User1,14.95,30,10.65,AP0,190.76,184.76,3.25,1222.67,83840.09,85062.75,6
myargo,User2,14.95,30,0,AP0,190.76,184.76,3.25,1222.67,83840.09,85062.75,6
myargo,User3,14.95,30,0,AP0,190.76,184.76,3.25,1222.67,83840.09,85062.75,6
myargo,User4,14.95,30,5.55,AP0,190.76,184.76,3.25,1222.67,83840.09,85062.75,6
myargo,User5,14.95,30,7.8,AP0,190.76,184.76,3.25,1222.67,83840.09,85062.75,6
myargo,User6,14.95,30,0,AP0,190.76,184.76,3.25,1222.67,83840.09,85062.75,6
myargo,User7,14.95,30,0,AP0,190.76,184.76,3.25,1222.67,83840.09,85062.75,6
myargo,User8,14.95,30,9.75,AP0,190.76,184.76,3.25,1222.67,83840.09,85062.75,6
myargo,User9,14.95,30,9,AP0,190.76,184.76,3.25,1222.67,83840.09,85062.75,6
myargo,User0,14.95,30,5.25,AP0,191.04,183.55,4.08,1224.85,84283.22,85508.07,7.49
myargo,User1,14.95,30,15,AP0,191.04,183.55,4.08,1224.85,84283.22,85508.07,7.49
myargo,User2,14.95,30,10.2,AP0,191.04,183.55,4.08,1224.85,84283.22,85508.07,7.49
myargo,User3,14.95,30,0,AP0,191.04,183.55,4.08,1224.85,84283.22,85508.07,7.49
myargo,User4,14.95,30,0,AP0,191.04,183.55,4.08,1224.85,84283.22,85508.07,7.49
myargo,User5,14.95,30,0,AP0,191.04,183.55,4.08,1224.85,84283.22,85508.07,7.49
myargo,User6,14.95,30,9.45,AP0,191.04,183.55,4.08,1224.85,84283.22,85508.07,7.49
myargo,User7,14.95,30,3,AP0,191.04,183.55,4.08,1224.85,84283.22,85508.07,7.49
myargo,User8,14.95,30,14.55,AP0,191.04,183.55,4.08,1224.85,84283.22,85508.07,7.49
myargo,User9,14.95,30,5.4,AP0,191.04,183.55,4.08,1224.85,84283.22,85508.07,7.49
myargo,User0,14.95,30,15,AP0,190.55,187.88,1.42,1211.8,83632.5,84844.3,2.67
myargo,User1,14.95,30,0,AP0,190.55,187.88,1.42,1211.8,83632.5,84844.3,2.67
myargo,User2,14.95,30,0,AP0,190.55,187.88,1.42,1211.8,83632.5,84844.3,2.67
myargo,User3,14.95,30,0,AP0,190.55,187.88,1.42,1211.8,83632.5,84844.3,2.67
myargo,User4,14.95,30,4.2,AP0,190.55,187.88,1.42,1211.8,83632.5,84844.3,2.67
myargo,User5,14.95,30,0,AP0,190.55,187.88,1.42,1211.8,83632.5,84844.3,2.67
myargo,User6,14.95,30,11.1,AP0,190.55,187.88,1.42,1211.8,83632.5,84844.3,2.67
myargo,User7,14.95,30,4.05,AP0,190.55,187.88,1.42,1211.8,83632.5,84844.3,2.67
myargo,User8,14.95,30,0,AP0,190.55,187.88,1.42,1211.8,83632.5,84844.3,2.67
myargo,User9,14.95,30,0,AP0,190.55,187.88,1.42,1211.8,83632.5,84844.3,2.67
myargo,User0,14.95,30,0,AP0,192.77,191.42,0.71,1203.4,83151.85,84355.25,1.35
myargo,User1,14.95,30,0,AP0,192.77,191.42,0.71,1203.4,83151.85,84355.25,1.35
myargo,User2,14.95,30,0,AP0,192.77,191.42,0.71,1203.4,83151.85,84355.25,1.35
myargo,User3,14.95,30,0,AP0,192.77,191.42,0.71,1203.4,83151.85,84355.25,1.35
myargo,User4,14.95,30,0,AP0,192.77,191.42,0.71,1203.4,83151.85,84355.25,1.35
myargo,User5,14.95,30,8.1,AP0,192.77,191.42,0.71,1203.4,83151.85,84355.25,1.35
myargo,User6,14.95,30,0,AP0,192.77,191.42,0.71,1203.4,83151.85,84355.25,1.35
myargo,User7,14.95,30,0,AP0,192.77,191.42,0.71,1203.4,83151.85,84355.25,1.35
myargo,User8,14.95,30,14.85,AP0,192.77,191.42,0.71,1203.4,83151.85,84355.25,1.35
myargo,User9,14.95,30,0,AP0,192.77,191.42,0.71,1203.4,83151.85,84355.25,1.35
myargo,User0,14.95,30,15,AP0,192.11,191.08,0.54,1247.58,83419.59,84667.17,1.03
myargo,User1,14.95,30,0,AP0,192.11,191.08,0.54,1247.58,83419.59,84667.17,1.03
myargo,User2,14.95,30,0,AP0,192.11,191.08,0.54,1247.58,83419.59,84667.17,1.03
myargo,User3,14.95,30,0,AP0,192.11,191.08,0.54,1247.58,83419.59,84667.17,1.03
myargo,User4,14.95,30,0,AP0,192.11,191.08,0.54,1247.58,83419.59,84667.17,1.03
myargo,User5,14.95,30,0,AP0,192.11,191.08,0.54,1247.58,83419.59,84667.17,1.03
myargo,User6,14.95,30,0,AP0,192.11,191.08,0.54,1247.58,83419.59,84667.17,1.03
myargo,User7,14.95,30,0,AP0,192.11,191.08,0.54,1247.58,83419.59,84667.17,1.03
myargo,User8,14.95,30,14.25,AP0,192.11,191.08,0.54,1247.58,83419.59,84667.17,1.03
myargo,User9,14.95,30,0,AP0,192.11,191.08,0.54,1247.58,83419.59,84667.17,1.03
myargo,User0,14.95,30,0,AP0,190.32,182.62,4.21,1276.03,83429.63,84705.66,7.7
myargo,User1,14.95,30,11.7,AP0,190.32,182.62,4.21,1276.03,83429.63,84705.66,7.7
myargo,User2,14.95,30,6.15,AP0,190.32,182.62,4.21,1276.03,83429.63,84705.66,7.7
myargo,User3,14.95,30,4.2,AP0,190.32,182.62,4.21,1276.03,83429.63,84705.66,7.7
myargo,User4,14.95,30,15,AP0,190.32,182.62,4.21,1276.03,83429.63,84705.66,7.7
myargo,User5,14.95,30,0.9,AP0,190.32,182.62,4.21,1276.03,83429.63,84705.66,7.7
myargo,User6,14.95,30,0,AP0,190.32,182.62,4.21,1276.03,83429.63,84705.66,7.7
myargo,User7,14.95,30,0,AP0,190.32,182.62,4.21,1276.03,83429.63,84705.66,7.7
myargo,User8,14.95,30,6,AP0,190.32,182.62,4.21,1276.03,83429.63,84705.66,7.7
myargo,User9,14.95,30,6.3,AP0,190.32,182.62,4.21,1276.03,83429.63,84705.66,7.7
myargo,User0,14.95,30,1.5,AP0,192.82,189.59,1.7,1242.29,83620.5,84862.79,3.23
myargo,User1,14.95,30,0,AP0,192.82,189.59,1.7,1242.29,83620.5,84862.79,3.23
myargo,User2,14.95,30,5.85,AP0,192.82,189.59,1.7,1242.29,83620.5,84862.79,3.23
myargo,User3,14.95,30,0,AP0,192.82,189.59,1.7,1242.29,83620.5,84862.79,3.23
myargo,User4,14.95,30,8.55,AP0,192.82,189.59,1.7,1242.29,83620.5,84862.79,3.23
myargo,User5,14.95,30,8.7,AP0,192.82,189.59,1.7,1242.29,83620.5,84862.79,3.23
myargo,User6,14.95,30,0,AP0,192.82,189.59,1.7,1242.29,83620.5,84862.79,3.23
myargo,User7,14.95,30,0,AP0,192.82,189.59,1.7,1242.29,83620.5,84862.79,3.23
myargo,User8,14.95,30,1.65,AP0,192.82,189.59,1.7,1242.29,83620.5,84862.79,3.23
myargo,User9,14.95,30,0,AP0,192.82,189.59,1.7,1242.29,83620.5,84862.79,3.23
myargo,User0,14.95,30,0,AP0,191.25,188.65,1.38,1232.65,83852.77,85085.42,2.6
myargo,User1,14.95,30,0,AP0,191.25,188.65,1.38,1232.65,83852.77,85085.42,2.6
myargo,User2,14.95,30,1.8,AP0,191.25,188.65,1.38,1232.65,83852.77,85085.42,2.6
myargo,User3,14.95,30,0,AP0,191.25,188.65,1.38,1232.65,83852.77,85085.42,2.6
myargo,User4,14.95,30,2.7,AP0,191.25,188.65,1.38,1232.65,83852.77,85085.42,2.6
myargo,User5,14.95,30,0,AP0,191.25,188.65,1.38,1232.65,83852.77,85085.42,2.6
myargo,User6,14.95,30,0,AP0,191.25,188.65,1.38,1232.65,83852.77,85085.42,2.6
myargo,User7,14.95,30,4.2,AP0,191.25,188.65,1.38,1232.65,83852.77,85085.42,2.6
myargo,User8,14.95,30,6.15,AP0,191.25,188.65,1.38,1232.65,83852.77,85085.42,2.6
myargo,User9,14.95,30,0,AP0,191.25,188.65,1.38,1232.65,83852.77,85085.42,2.6
myargo,User0,14.95,30,12.6,AP0,191.25,186.64,2.47,1206.99,83479.18,84686.17,4.61
myargo,User1,14.95,30,0,AP0,191.25,186.64,2.47,1206.99,83479.18,84686.17,4.61
myargo,User2,14.95,30,5.1,AP0,191.25,186.64,2.47,1206.99,83479.18,84686.17,4.61
myargo,User3,14.95,30,4.5,AP0,191.25,186.64,2.47,1206.99,83479.18,84686.17,4.61
myargo,User4,14.95,30,0,AP0,191.25,186.64,2.47,1206.99,83479.18,84686.17,4.61
myargo,User5,14.95,30,0,AP0,191.25,186.64,2.47,1206.99,83479.18,84686.17,4.61
myargo,User6,14.95,30,2.1,AP0,191.25,186.64,2.47,1206.99,83479.18,84686.17,4.61
myargo,User7,14.95,30,6.9,AP0,191.25,186.64,2.47,1206.99,83479.18,84686.17,4.61
myargo,User8,14.95,30,0,AP0,191.25,186.64,2.47,1206.99,83479.18,84686.17,4.61
myargo,User9,14.95,30,4.35,AP0,191.25,186.64,2.47,1206.99,83479.18,84686.17,4.61
myargo,User0,14.95,30,0,AP0,190.01,183.94,3.3,1242.26,83526.78,84769.04,6.07
myargo,User1,14.95,30,0,AP0,190.01,183.94,3.3,1242.26,83526.78,84769.04,6.07
myargo,User2,14.95,30,1.95,AP0,190.01,183.94,3.3,1242.26,83526.78,84769.04,6.07
myargo,User3,14.95,30,0,AP0,190.01,183.94,3.3,1242.26,83526.78,84769.04,6.07
myargo,User4,14.95,30,0,AP0,190.01,183.94,3.3,1242.26,83526.78,84769.04,6.07
myargo,User5,14.95,30,2.4,AP0,190.01,183.94,3.3,1242.26,83526.78,84769.04,6.07
myargo,User6,14.95,30,12.75,AP0,190.01,183.94,3.3,1242.26,83526.78,84769.04,6.07
myargo,User7,14.95,30,5.7,AP0,190.01,183.94,3.3,1242.26,83526.78,84769.04,6.07
myargo,User8,14.95,30,11.55,AP0,190.01,183.94,3.3,1242.26,83526.78,84769.04,6.07
myargo,User9,14.95,30,15,AP0,190.01,183.94,3.3,1242.26,83526.78,84769.04,6.07
myargo,User0,14.95,30,0,AP0,191.63,188.77,1.52,1238.21,83680.27,84918.48,2.86
myargo,User1,14.95,30,0,AP0,191.63,188.77,1.52,1238.21,83680.27,84918.48,2.86
myargo,User2,14.95,30,10.35,AP0,191.63,188.77,1.52,1238.21,83680.27,84918.48,2.86
myargo,User3,14.95,30,1.05,AP0,191.63,188.77,1.52,1238.21,83680.27,84918.48,2.86
myargo,User4,14.95,30,7.5,AP0,191.63,188.77,1.52,1238.21,83680.27,84918.48,2.86
myargo,User5,14.95,30,0,AP0,191.63,188.77,1.52,1238.21,83680.27,84918.48,2.86
myargo,User6,14.95,30,0,AP0,191.63,188.77,1.52,1238.21,83680.27,84918.48,2.86
myargo,User7,14.95,30,0,AP0,191.63,188.77,1.52,1238.21,83680.27,84918.48,2.86
myargo,User8,14.95,30,1.65,AP0,191.63,188.77,1.52,1238.21,83680.27,84918.48,2.86
myargo,User9,14.95,30,0,AP0,191.63,188.77,1.52,1238.21,83680.27,84918.48,2.86
myargo,User0,14.95,30,0,AP0,192.45,190.86,0.84,1163.41,83809.26,84972.67,1.59
myargo,User1,14.95,30,0,AP0,192.45,190.86,0.84,1163.41,83809.26,84972.67,1.59
myargo,User2,14.95,30,0,AP0,192.45,190.86,0.84,1163.41,83809.26,84972.67,1.59
myargo,User3,14.95,30,10.5,AP0,192.45,190.86,0.84,1163.41,83809.26,84972.67,1.59
myargo,User4,14.95,30,0,AP0,192.45,190.86,0.84,1163.41,83809.26,84972.67,1.59
myargo,User5,14.95,30,0.75,AP0,192.45,190.86,0.84,1163.41,83809.26,84972.67,1.59
myargo,User6,14.95,30,4.5,AP0,192.45,190.86,0.84,1163.41,83809.26,84972.67,1.59
myargo,User7,14.95,30,0,AP0,192.45,190.86,0.84,1163.41,83809.26,84972.67,1.59
myargo,User8,14.95,30,0,AP0,192.45,190.86,0.84,1163.41,83809.26,84972.67,1.59
myargo,User9,14.95,30,0,AP0,192.45,190.86,0.84,1163.41,83809.26,84972.67,1.59
myargo,User0,14.95,30,0,AP0,189.17,184.92,2.3,1218.52,83294.52,84513.04,4.25
myargo,User1,14.95,30,4.05,AP0,189.17,184.92,2.3,1218.52,83294.52,84513.04,4.25
myargo,User2,14.95,30,0,AP0,189.17,184.92,2.3,1218.52,83294.52,84513.04,4.25
myargo,User3,14.95,30,0,AP0,189.17,184.92,2.3,1218.52,83294.52,84513.04,4.25
myargo,User4,14.95,30,1.95,AP0,189.17,184.92,2.3,1218.52,83294.52,84513.04,4.25
myargo,User5,14.95,30,3.15,AP0,189.17,184.92,2.3,1218.52,83294.52,84513.04,4.25
myargo,User6,14.95,30,0,AP0,189.17,184.92,2.3,1218.52,83294.52,84513.04,4.25
myargo,User7,14.95,30,12.6,AP0,189.17,184.92,2.3,1218.52,83294.52,84513.04,4.25
myargo,User8,14.95,30,15,AP0,189.17,184.92,2.3,1218.52,83294.52,84513.04,4.25
myargo,User9,14.95,30,0,AP0,189.17,184.92,2.3,1218.52,83294.52,84513.04,4.25
myargo,User0,14.95,30,6.6,AP0,193.12,188.67,2.36,1238.35,83408.32,84646.67,4.45
myargo,User1,14.95,30,0,AP0,193.12,188.67,2.36,1238.35,83408.32,84646.67,4.45
myargo,User2,14.95,30,0,AP0,193.12,188.67,2.36,1238.35,83408.32,84646.67,4.45
myargo,User3,14.95,30,10.8,AP0,193.12,188.67,2.36,1238.35,83408.32,84646.67,4.45
myargo,User4,14.95,30,11.4,AP0,193.12,188.67,2.36,1238.35,83408.32,84646.67,4.45
myargo,User5,14.95,30,0,AP0,193.12,188.67,2.36,1238.35,83408.32,84646.67,4.45
myargo,User6,14.95,30,7.5,AP0,193.12,188.67,2.36,1238.35,83408.32,84646.67,4.45
myargo,User7,14.95,30,4.35,AP0,193.12,188.67,2.36,1238.35,83408.32,84646.67,4.45
myargo,User8,14.95,30,0,AP0,193.12,188.67,2.36,1238.35,83408.32,84646.67,4.45
myargo,User9,14.95,30,13.05,AP0,193.12,188.67,2.36,1238.35,83408.32,84646.67,4.45
myargo,User0,14.95,30,0,AP0,189.17,182.2,3.83,1222.15,82808.1,84030.25,6.97
myargo,User1,14.95,30,10.95,AP0,189.17,182.2,3.83,1222.15,82808.1,84030.25,6.97
myargo,User2,14.95,30,15,AP0,189.17,182.2,3.83,1222.15,82808.1,84030.25,6.97
myargo,User3,14.95,30,0,AP0,189.17,182.2,3.83,1222.15,82808.1,84030.25,6.97
myargo,User4,14.95,30,8.4,AP0,189.17,182.2,3.83,1222.15,82808.1,84030.25,6.97
myargo,User5,14.95,30,2.1,AP0,189.17,182.2,3.83,1222.15,82808.1,84030.25,6.97
myargo,User6,14.95,30,0,AP0,189.17,182.2,3.83,1222.15,82808.1,84030.25,6.97
myargo,User7,14.95,30,0,AP0,189.17,182.2,3.83,1222.15,82808.1,84030.25,6.97
myargo,User8,14.95,30,6.75,AP0,189.17,182.2,3.83,1222.15,82808.1,84030.25,6.97
myargo,User9,14.95,30,0.75,AP0,189.17,182.2,3.83,1222.15,82808.1,84030.25,6.97
myargo,User0,14.95,30,0,AP0,189.77,181.27,4.69,1223.42,83600.93,84824.34,8.5
myargo,User1,14.95,30,15,AP0,189.77,181.27,4.69,1223.42,83600.93,84824.34,8.5
myargo,User2,14.95,30,5.25,AP0,189.77,181.27,4.69,1223.42,83600.93,84824.34,8.5
myargo,User3,14.95,30,5.7,AP0,189.77,181.27,4.69,1223.42,83600.93,84824.34,8.5
myargo,User4,14.95,30,0,AP0,189.77,181.27,4.69,1223.42,83600.93,84824.34,8.5
myargo,User5,14.95,30,6.45,AP0,189.77,181.27,4.69,1223.42,83600.93,84824.34,8.5
myargo,User6,14.95,30,3.9,AP0,189.77,181.27,4.69,1223.42,83600.93,84824.34,8.5
myargo,User7,14.95,30,10.65,AP0,189.77,181.27,4.69,1223.42,83600.93,84824.34,8.5
myargo,User8,14.95,30,0,AP0,189.77,181.27,4.69,1223.42,83600.93,84824.34,8.5
myargo,User9,14.95,30,0.3,AP0,189.77,181.27,4.69,1223.42,83600.93,84824.34,8.5
myargo,User0,14.95,30,0,AP0,191.52,188.83,1.43,1188.26,83760.83,84949.09,2.69
myargo,User1,14.95,30,0,AP0,191.52,188.83,1.43,1188.26,83760.83,84949.09,2.69
myargo,User2,14.95,30,8.25,AP0,191.52,188.83,1.43,1188.26,83760.83,84949.09,2.69
myargo,User3,14.95,30,0,AP0,191.52,188.83,1.43,1188.26,83760.83,84949.09,2.69
myargo,User4,14.95,30,15,AP0,191.52,188.83,1.43,1188.26,83760.83,84949.09,2.69
myargo,User5,14.95,30,0,AP0,191.52,188.83,1.43,1188.26,83760.83,84949.09,2.69
myargo,User6,14.95,30,0,AP0,191.52,188.83,1.43,1188.26,83760.83,84949.09,2.69
myargo,User7,14.95,30,10.05,AP0,191.52,188.83,1.43,1188.26,83760.83,84949.09,2.69
myargo,User8,14.95,30,0,AP0,191.52,188.83,1.43,1188.26,83760.83,84949.09,2.69
myargo,User9,14.95,30,6,AP0,191.52,188.83,1.43,1188.26,83760.83,84949.09,2.69
myargo,User0,14.95,30,6.3,AP0,191.04,185,3.26,1210.69,84129.63,85340.32,6.04
myargo,User1,14.95,30,3.3,AP0,191.04,185,3.26,1210.69,84129.63,85340.32,6.04
myargo,User2,14.95,30,0,AP0,191.04,185,3.26,1210.69,84129.63,85340.32,6.04
myargo,User3,14.95,30,0,AP0,191.04,185,3.26,1210.69,84129.63,85340.32,6.04
myargo,User4,14.95,30,9.9,AP0,191.04,185,3.26,1210.69,84129.63,85340.32,6.04
myargo,User5,14.95,30,9.6,AP0,191.04,185,3.26,1210.69,84129.63,85340.32,6.04
myargo,User6,14.95,30,0,AP0,191.04,185,3.26,1210.69,84129.63,85340.32,6.04
myargo,User7,14.95,30,0,AP0,191.04,185,3.26,1210.69,84129.63,85340.32,6.04
myargo,User8,14.95,30,1.2,AP0,191.04,185,3.26,1210.69,84129.63,85340.32,6.04
myargo,User9,14.95,30,7.35,AP0,191.04,185,3.26,1210.69,84129.63,85340.32,6.04
myargo,User0,14.95,30,2.55,AP0,190.55,184.67,3.18,1220.54,83815.08,85035.63,5.88
myargo,User1,14.95,30,0,AP0,190.55,184.67,3.18,1220.54,83815.08,85035.63,5.88
myargo,User2,14.95,30,5.25,AP0,190.55,184.67,3.18,1220.54,83815.08,85035.63,5.88
myargo,User3,14.95,30,4.2,AP0,190.55,184.67,3.18,1220.54,83815.08,85035.63,5.88
myargo,User4,14.95,30,0,AP0,190.55,184.67,3.18,1220.54,83815.08,85035.63,5.88
myargo,User5,14.95,30,3.3,AP0,190.55,184.67,3.18,1220.54,83815.08,85035.63,5.88
myargo,User6,14.95,30,15,AP0,190.55,184.67,3.18,1220.54,83815.08,85035.63,5.88
myargo,User7,14.95,30,12.3,AP0,190.55,184.67,3.18,1220.54,83815.08,85035.63,5.88
myargo,User8,14.95,30,4.35,AP0,190.55,184.67,3.18,1220.54,83815.08,85035.63,5.88
myargo,User9,14.95,30,0,AP0,190.55,184.67,3.18,1220.54,83815.08,85035.63,5.88
myargo,User0,14.95,30,0,AP0,191.57,190.44,0.59,1192.35,83541.44,84733.78,1.13
myargo,User1,14.95,30,0,AP0,191.57,190.44,0.59,1192.35,83541.44,84733.78,1.13
myargo,User2,14.95,30,0,AP0,191.57,190.44,0.59,1192.35,83541.44,84733.78,1.13
myargo,User3,14.95,30,13.35,AP0,191.57,190.44,0.59,1192.35,83541.44,84733.78,1.13
myargo,User4,14.95,30,15,AP0,191.57,190.44,0.59,1192.35,83541.44,84733.78,1.13
myargo,User5,14.95,30,0,AP0,191.57,190.44,0.59,1192.35,83541.44,84733.78,1.13
myargo,User6,14.95,30,0,AP0,191.57,190.44,0.59,1192.35,83541.44,84733.78,1.13
myargo,User7,14.95,30,0,AP0,191.57,190.44,0.59,1192.35,83541.44,84733.78,1.13
myargo,User8,14.95,30,0,AP0,191.57,190.44,0.59,1192.35,83541.44,84733.78,1.13
myargo,User9,14.95,30,0,AP0,191.57,190.44,0.59,1192.35,83541.44,84733.78,1.13
myargo,User0,14.95,30,0,AP0,191.69,188.19,1.86,1218.42,83824.26,85042.68,3.5
myargo,User1,14.95,30,8.7,AP0,191.69,188.19,1.86,1218.42,83824.26,85042.68,3.5
myargo,User2,14.95,30,0,AP0,191.69,188.19,1.86,1218.42,83824.26,85042.68,3.5
myargo,User3,14.95,30,3.15,AP0,191.69,188.19,1.86,1218.42,83824.26,85042.68,3.5
myargo,User4,14.95,30,0,AP0,191.69,188.19,1.86,1218.42,83824.26,85042.68,3.5
myargo,User5,14.95,30,0.45,AP0,191.69,188.19,1.86,1218.42,83824.26,85042.68,3.5
myargo,User6,14.95,30,10.65,AP0,191.69,188.19,1.86,1218.42,83824.26,85042.68,3.5
myargo,User7,14.95,30,0,AP0,191.69,188.19,1.86,1218.42,83824.26,85042.68,3.5
myargo,User8,14.95,30,0.75,AP0,191.69,188.19,1.86,1218.42,83824.26,85042.68,3.5
myargo,User9,14.95,30,0,AP0,191.69,188.19,1.86,1218.42,83824.26,85042.68,3.5
myargo,User0,14.95,30,0,AP0,192.06,189.79,1.19,1225.3,83173.06,84398.36,2.27
myargo,User1,14.95,30,4.05,AP0,192.06,189.79,1.19,1225.3,83173.06,84398.36,2.27
myargo,User2,14.95,30,2.1,AP0,192.06,189.79,1.19,1225.3,83173.06,84398.36,2.27
myargo,User3,14.95,30,0,AP0,192.06,189.79,1.19,1225.3,83173.06,84398.36,2.27
myargo,User4,14.95,30,0,AP0,192.06,189.79,1.19,1225.3,83173.06,84398.36,2.27
myargo,User5,14.95,30,0,AP0,192.06,189.79,1.19,1225.3,83173.06,84398.36,2.27
myargo,User6,14.95,30,0,AP0,192.06,189.79,1.19,1225.3,83173.06,84398.36,2.27
myargo,User7,14.95,30,0,AP0,192.06,189.79,1.19,1225.3,83173.06,84398.36,2.27
myargo,User8,14.95,30,2.7,AP0,192.06,189.79,1.19,1225.3,83173.06,84398.36,2.27
myargo,User9,14.95,30,9.45,AP0,192.06,189.79,1.19,1225.3,83173.06,84398.36,2.27
myargo,User0,14.95,30,5.1,AP0,191.44,185.83,3.02,1238.59,83679.42,84918.01,5.61
myargo,User1,14.95,30,2.25,AP0,191.44,185.83,3.02,1238.59,83679.42,84918.01,5.61
myargo,User2,14.95,30,0,AP0,191.44,185.83,3.02,1238.59,83679.42,84918.01,5.61
myargo,User3,14.95,30,9,AP0,191.44,185.83,3.02,1238.59,83679.42,84918.01,5.61
myargo,User4,14.95,30,12.6,AP0,191.44,185.83,3.02,1238.59,83679.42,84918.01,5.61
myargo,User5,14.95,30,0,AP0,191.44,185.83,3.02,1238.59,83679.42,84918.01,5.61
myargo,User6,14.95,30,0,AP0,191.44,185.83,3.02,1238.59,83679.42,84918.01,5.61
myargo,User7,14.95,30,0,AP0,191.44,185.83,3.02,1238.59,83679.42,84918.01,5.61
myargo,User8,14.95,30,1.35,AP0,191.44,185.83,3.02,1238.59,83679.42,84918.01,5.61
myargo,User9,14.95,30,10.2,AP0,191.44,185.83,3.02,1238.59,83679.42,84918.01,5.61
myargo,User0,14.95,30,13.2,AP0,191.25,190.06,0.62,1203.32,83787.11,84990.42,1.19
myargo,User1,14.95,30,15,AP0,191.25,190.06,0.62,1203.32,83787.11,84990.42,1.19
myargo,User2,14.95,30,0,AP0,191.25,190.06,0.62,1203.32,83787.11,84990.42,1.19
myargo,User3,14.95,30,0,AP0,191.25,190.06,0.62,1203.32,83787.11,84990.42,1.19
myargo,User4,14.95,30,0,AP0,191.25,190.06,0.62,1203.32,83787.11,84990.42,1.19
myargo,User5,14.95,30,0,AP0,191.25,190.06,0.62,1203.32,83787.11,84990.42,1.19
myargo,User6,14.95,30,0,AP0,191.25,190.06,0.62,1203.32,83787.11,84990.42,1.19
myargo,User7,14.95,30,0,AP0,191.25,190.06,0.62,1203.32,83787.11,84990.42,1.19
myargo,User8,14.95,30,0,AP0,191.25,190.06,0.62,1203.32,83787.11,84990.42,1.19
myargo,User9,14.95,30,0,AP0,191.25,190.06,0.62,1203.32,83787.11,84990.42,1.19
myargo,User0,14.95,30,8.1,AP0,190.97,187.52,1.84,1233.65,83817.41,85051.07,3.45
myargo,User1,14.95,30,5.4,AP0,190.97,187.52,1.84,1233.65,83817.41,85051.07,3.45
myargo,User2,14.95,30,0,AP0,190.97,187.52,1.84,1233.65,83817.41,85051.07,3.45
myargo,User3,14.95,30,0,AP0,190.97,187.52,1.84,1233.65,83817.41,85051.07,3.45
myargo,User4,14.95,30,0,AP0,190.97,187.52,1.84,1233.65,83817.41,85051.07,3.45
myargo,User5,14.95,30,0,AP0,190.97,187.52,1.84,1233.65,83817.41,85051.07,3.45
myargo,User6,14.95,30,0,AP0,190.97,187.52,1.84,1233.65,83817.41,85051.07,3.45
myargo,User7,14.95,30,15,AP0,190.97,187.52,1.84,1233.65,83817.41,85051.07,3.45
myargo,User8,14.95,30,10.65,AP0,190.97,187.52,1.84,1233.65,83817.41,85051.07,3.45
myargo,User9,14.95,30,0,AP0,190.97,187.52,1.84,1233.65,83817.41,85051.07,3.45
myargo,User0,14.95,30,11.25,AP0,190.83,185.25,3.02,1229.46,83422.79,84652.26,5.58
myargo,User1,14.95,30,2.55,AP0,190.83,185.25,3.02,1229.46,83422.79,84652.26,5.58
myargo,User2,14.95,30,10.5,AP0,190.83,185.25,3.02,1229.46,83422.79,84652.26,5.58
myargo,User3,14.95,30,0,AP0,190.83,185.25,3.02,1229.46,83422.79,84652.26,5.58
myargo,User4,14.95,30,0,AP0,190.83,185.25,3.02,1229.46,83422.79,84652.26,5.58
myargo,User5,14.95,30,0,AP0,190.83,185.25,3.02,1229.46,83422.79,84652.26,5.58
myargo,User6,14.95,30,9.75,AP0,190.83,185.25,3.02,1229.46,83422.79,84652.26,5.58
myargo,User7,14.95,30,0,AP0,190.83,185.25,3.02,1229.46,83422.79,84652.26,5.58
myargo,User8,14.95,30,0.15,AP0,190.83,185.25,3.02,1229.46,83422.79,84652.26,5.58
myargo,User9,14.95,30,2.85,AP0,190.83,185.25,3.02,1229.46,83422.79,84652.26,5.58
myargo,User0,14.95,30,0,AP0,190.86,185.92,2.65,1204.74,83886.77,85091.51,4.94
myargo,User1,14.95,30,0.9,AP0,190.86,185.92,2.65,1204.74,83886.77,85091.51,4.94
myargo,User2,14.95,30,9.45,AP0,190.86,185.92,2.65,1204.74,83886.77,85091.51,4.94
myargo,User3,14.95,30,6.15,AP0,190.86,185.92,2.65,1204.74,83886.77,85091.51,4.94
myargo,User4,14.95,30,3.9,AP0,190.86,185.92,2.65,1204.74,83886.77,85091.51,4.94
myargo,User5,14.95,30,15,AP0,190.86,185.92,2.65,1204.74,83886.77,85091.51,4.94
myargo,User6,14.95,30,2.4,AP0,190.86,185.92,2.65,1204.74,83886.77,85091.51,4.94
myargo,User7,14.95,30,0,AP0,190.86,185.92,2.65,1204.74,83886.77,85091.51,4.94
myargo,User8,14.95,30,0,AP0,190.86,185.92,2.65,1204.74,83886.77,85091.51,4.94
myargo,User9,14.95,30,3.3,AP0,190.86,185.92,2.65,1204.74,83886.77,85091.51,4.94
myargo,User0,14.95,30,0,AP0,190.25,182.44,4.28,1235.64,83586.52,84822.16,7.81
myargo,User1,14.95,30,5.55,AP0,190.25,182.44,4.28,1235.64,83586.52,84822.16,7.81
myargo,User2,14.95,30,15,AP0,190.25,182.44,4.28,1235.64,83586.52,84822.16,7.81
myargo,User3,14.95,30,6.45,AP0,190.25,182.44,4.28,1235.64,83586.52,84822.16,7.81
myargo,User4,14.95,30,7.35,AP0,190.25,182.44,4.28,1235.64,83586.52,84822.16,7.81
myargo,User5,14.95,30,3.75,AP0,190.25,182.44,4.28,1235.64,83586.52,84822.16,7.81
myargo,User6,14.95,30,0,AP0,190.25,182.44,4.28,1235.64,83586.52,84822.16,7.81
myargo,User7,14.95,30,12.6,AP0,190.25,182.44,4.28,1235.64,83586.52,84822.16,7.81
myargo,User8,14.95,30,0,AP0,190.25,182.44,4.28,1235.64,83586.52,84822.16,7.81
myargo,User9,14.95,30,3.9,AP0,190.25,182.44,4.28,1235.64,83586.52,84822.16,7.81
myargo,User0,14.95,30,10.05,AP0,189.77,174.45,8.78,1205.5,84274.7,85480.2,15.32
myargo,User1,14.95,30,14.1,AP0,189.77,174.45,8.78,1205.5,84274.7,85480.2,15.32
myargo,User2,14.95,30,7.65,AP0,189.77,174.45,8.78,1205.5,84274.7,85480.2,15.32
myargo,User3,14.95,30,5.7,AP0,189.77,174.45,8.78,1205.5,84274.7,85480.2,15.32
myargo,User4,14.95,30,10.65,AP0,189.77,174.45,8.78,1205.5,84274.7,85480.2,15.32
myargo,User5,14.95,30,1.2,AP0,189.77,174.45,8.78,1205.5,84274.7,85480.2,15.32
myargo,User6,14.95,30,1.05,AP0,189.77,174.45,8.78,1205.5,84274.7,85480.2,15.32
myargo,User7,14.95,30,5.85,AP0,189.77,174.45,8.78,1205.5,84274.7,85480.2,15.32
myargo,User8,14.95,30,3.3,AP0,189.77,174.45,8.78,1205.5,84274.7,85480.2,15.32
myargo,User9,14.95,30,0,AP0,189.77,174.45,8.78,1205.5,84274.7,85480.2,15.32
myargo,User0,14.95,30,5.4,AP0,190.76,188.19,1.37,1231.06,83546.02,84777.08,2.57
myargo,User1,14.95,30,0,AP0,190.76,188.19,1.37,1231.06,83546.02,84777.08,2.57
myargo,User2,14.95,30,10.65,AP0,190.76,188.19,1.37,1231.06,83546.02,84777.08,2.57
myargo,User3,14.95,30,0,AP0,190.76,188.19,1.37,1231.06,83546.02,84777.08,2.57
myargo,User4,14.95,30,0,AP0,190.76,188.19,1.37,1231.06,83546.02,84777.08,2.57
myargo,User5,14.95,30,0,AP0,190.76,188.19,1.37,1231.06,83546.02,84777.08,2.57
myargo,User6,14.95,30,0,AP0,190.76,188.19,1.37,1231.06,83546.02,84777.08,2.57
myargo,User7,14.95,30,3.3,AP0,190.76,188.19,1.37,1231.06,83546.02,84777.08,2.57
myargo,User8,14.95,30,0,AP0,190.76,188.19,1.37,1231.06,83546.02,84777.08,2.57
myargo,User9,14.95,30,0,AP0,190.76,188.19,1.37,1231.06,83546.02,84777.08,2.57
myargo,User0,14.95,30,4.65,AP0,190.76,184.41,3.45,1249.91,83667.51,84917.43,6.35
myargo,User1,14.95,30,7.65,AP0,190.76,184.41,3.45,1249.91,83667.51,84917.43,6.35
myargo,User2,14.95,30,0.3,AP0,190.76,184.41,3.45,1249.91,83667.51,84917.43,6.35
myargo,User3,14.95,30,0,AP0,190.76,184.41,3.45,1249.91,83667.51,84917.43,6.35
myargo,User4,14.95,30,0,AP0,190.76,184.41,3.45,1249.91,83667.51,84917.43,6.35
myargo,User5,14.95,30,8.1,AP0,190.76,184.41,3.45,1249.91,83667.51,84917.43,6.35
myargo,User6,14.95,30,11.1,AP0,190.76,184.41,3.45,1249.91,83667.51,84917.43,6.35
myargo,User7,14.95,30,0,AP0,190.76,184.41,3.45,1249.91,83667.51,84917.43,6.35
myargo,User8,14.95,30,13.35,AP0,190.76,184.41,3.45,1249.91,83667.51,84917.43,6.35
myargo,User9,14.95,30,0,AP0,190.76,184.41,3.45,1249.91,83667.51,84917.43,6.35
myargo,User0,14.95,30,0.9,AP0,189.17,178.6,5.92,1228.67,84146.66,85375.33,10.57
myargo,User1,14.95,30,6.3,AP0,189.17,178.6,5.92,1228.67,84146.66,85375.33,10.57
myargo,User2,14.95,30,9,AP0,189.17,178.6,5.92,1228.67,84146.66,85375.33,10.57
myargo,User3,14.95,30,6.9,AP0,189.17,178.6,5.92,1228.67,84146.66,85375.33,10.57
myargo,User4,14.95,30,6.3,AP0,189.17,178.6,5.92,1228.67,84146.66,85375.33,10.57
myargo,User5,14.95,30,15,AP0,189.17,178.6,5.92,1228.67,84146.66,85375.33,10.57
myargo,User6,14.95,30,12.75,AP0,189.17,178.6,5.92,1228.67,84146.66,85375.33,10.57
myargo,User7,14.95,30,0,AP0,189.17,178.6,5.92,1228.67,84146.66,85375.33,10.57
myargo,User8,14.95,30,0,AP0,189.17,178.6,5.92,1228.67,84146.66,85375.33,10.57
myargo,User9,14.95,30,0,AP0,189.17,178.6,5.92,1228.67,84146.66,85375.33,10.57
myargo,User0,14.95,30,0,AP0,192.61,190.04,1.36,1196.71,82934.16,84130.87,2.57
myargo,User1,14.95,30,0,AP0,192.61,190.04,1.36,1196.71,82934.16,84130.87,2.57
myargo,User2,14.95,30,0.45,AP0,192.61,190.04,1.36,1196.71,82934.16,84130.87,2.57
myargo,User3,14.95,30,7.8,AP0,192.61,190.04,1.36,1196.71,82934.16,84130.87,2.57
myargo,User4,14.95,30,0,AP0,192.61,190.04,1.36,1196.71,82934.16,84130.87,2.57
myargo,User5,14.95,30,2.55,AP0,192.61,190.04,1.36,1196.71,82934.16,84130.87,2.57
myargo,User6,14.95,30,1.5,AP0,192.61,190.04,1.36,1196.71,82934.16,84130.87,2.57
myargo,User7,14.95,30,0,AP0,192.61,190.04,1.36,1196.71,82934.16,84130.87,2.57
myargo,User8,14.95,30,0.3,AP0,192.61,190.04,1.36,1196.71,82934.16,84130.87,2.57
myargo,User9,14.95,30,0,AP0,192.61,190.04,1.36,1196.71,82934.16,84130.87,2.57
myargo,User0,14.95,30,11.25,AP0,190.83,186.18,2.5,1251.33,83025.08,84276.42,4.65
myargo,User1,14.95,30,0,AP0,190.83,186.18,2.5,1251.33,83025.08,84276.42,4.65
myargo,User2,14.95,30,12.15,AP0,190.83,186.18,2.5,1251.33,83025.08,84276.42,4.65
myargo,User3,14.95,30,8.1,AP0,190.83,186.18,2.5,1251.33,83025.08,84276.42,4.65
myargo,User4,14.95,30,0,AP0,190.83,186.18,2.5,1251.33,83025.08,84276.42,4.65
myargo,User5,14.95,30,0,AP0,190.83,186.18,2.5,1251.33,83025.08,84276.42,4.65
myargo,User6,14.95,30,0,AP0,190.83,186.18,2.5,1251.33,83025.08,84276.42,4.65
myargo,User7,14.95,30,0,AP0,190.83,186.18,2.5,1251.33,83025.08,84276.42,4.65
myargo,User8,14.95,30,4.05,AP0,190.83,186.18,2.5,1251.33,83025.08,84276.42,4.65
myargo,User9,14.95,30,3.6,AP0,190.83,186.18,2.5,1251.33,83025.08,84276.42,4.65
myargo,User0,14.95,30,0,AP0,189.43,181.87,4.16,1236.85,84053.19,85290.05,7.56
myargo,User1,14.95,30,4.5,AP0,189.43,181.87,4.16,1236.85,84053.19,85290.05,7.56
myargo,User2,14.95,30,15,AP0,189.43,181.87,4.16,1236.85,84053.19,85290.05,7.56
myargo,User3,14.95,30,1.8,AP0,189.43,181.87,4.16,1236.85,84053.19,85290.05,7.56
myargo,User4,14.95,30,8.55,AP0,189.43,181.87,4.16,1236.85,84053.19,85290.05,7.56
myargo,User5,14.95,30,0,AP0,189.43,181.87,4.16,1236.85,84053.19,85290.05,7.56
myargo,User6,14.95,30,9.45,AP0,189.43,181.87,4.16,1236.85,84053.19,85290.05,7.56
myargo,User7,14.95,30,0,AP0,189.43,181.87,4.16,1236.85,84053.19,85290.05,7.56
myargo,User8,14.95,30,15,AP0,189.43,181.87,4.16,1236.85,84053.19,85290.05,7.56
myargo,User9,14.95,30,10.2,AP0,189.43,181.87,4.16,1236.85,84053.19,85290.05,7.56
myargo,User0,14.95,30,7.8,AP0,190.55,176.86,7.74,1269.37,84123.64,85393.01,13.69
myargo,User1,14.95,30,13.8,AP0,190.55,176.86,7.74,1269.37,84123.64,85393.01,13.69
myargo,User2,14.95,30,0,AP0,190.55,176.86,7.74,1269.37,84123.64,85393.01,13.69
myargo,User3,14.95,30,13.95,AP0,190.55,176.86,7.74,1269.37,84123.64,85393.01,13.69
myargo,User4,14.95,30,8.85,AP0,190.55,176.86,7.74,1269.37,84123.64,85393.01,13.69
myargo,User5,14.95,30,11.1,AP0,190.55,176.86,7.74,1269.37,84123.64,85393.01,13.69
myargo,User6,14.95,30,6.15,AP0,190.55,176.86,7.74,1269.37,84123.64,85393.01,13.69
myargo,User7,14.95,30,10.95,AP0,190.55,176.86,7.74,1269.37,84123.64,85393.01,13.69
myargo,User8,14.95,30,0,AP0,190.55,176.86,7.74,1269.37,84123.64,85393.01,13.69
myargo,User9,14.95,30,11.55,AP0,190.55,176.86,7.74,1269.37,84123.64,85393.01,13.69
myargo,User0,14.95,30,15,AP0,188.52,179.2,5.2,1238.16,83796.73,85034.89,9.32
myargo,User1,14.95,30,3.3,AP0,188.52,179.2,5.2,1238.16,83796.73,85034.89,9.32
myargo,User2,14.95,30,4.5,AP0,188.52,179.2,5.2,1238.16,83796.73,85034.89,9.32
myargo,User3,14.95,30,0,AP0,188.52,179.2,5.2,1238.16,83796.73,85034.89,9.32
myargo,User4,14.95,30,6.9,AP0,188.52,179.2,5.2,1238.16,83796.73,85034.89,9.32
myargo,User5,14.95,30,0,AP0,188.52,179.2,5.2,1238.16,83796.73,85034.89,9.32
myargo,User6,14.95,30,6.6,AP0,188.52,179.2,5.2,1238.16,83796.73,85034.89,9.32
myargo,User7,14.95,30,0,AP0,188.52,179.2,5.2,1238.16,83796.73,85034.89,9.32
myargo,User8,14.95,30,6.75,AP0,188.52,179.2,5.2,1238.16,83796.73,85034.89,9.32
myargo,User9,14.95,30,3.6,AP0,188.52,179.2,5.2,1238.16,83796.73,85034.89,9.32
myargo,User0,14.95,30,0,AP0,191.88,187.52,2.33,1194.21,83575.23,84769.44,4.36
myargo,User1,14.95,30,10.8,AP0,191.88,187.52,2.33,1194.21,83575.23,84769.44,4.36
myargo,User2,14.95,30,8.85,AP0,191.88,187.52,2.33,1194.21,83575.23,84769.44,4.36
myargo,User3,14.95,30,0,AP0,191.88,187.52,2.33,1194.21,83575.23,84769.44,4.36
myargo,User4,14.95,30,13.65,AP0,191.88,187.52,2.33,1194.21,83575.23,84769.44,4.36
myargo,User5,14.95,30,0,AP0,191.88,187.52,2.33,1194.21,83575.23,84769.44,4.36
myargo,User6,14.95,30,6.15,AP0,191.88,187.52,2.33,1194.21,83575.23,84769.44,4.36
myargo,User7,14.95,30,0,AP0,191.88,187.52,2.33,1194.21,83575.23,84769.44,4.36
myargo,User8,14.95,30,0,AP0,191.88,187.52,2.33,1194.21,83575.23,84769.44,4.36
myargo,User9,14.95,30,3.15,AP0,191.88,187.52,2.33,1194.21,83575.23,84769.44,4.36
myargo,User0,14.95,30,0,AP0,192.4,189.7,1.42,1208.41,83628.15,84836.55,2.7
myargo,User1,14.95,30,14.55,AP0,192.4,189.7,1.42,1208.41,83628.15,84836.55,2.7
myargo,User2,14.95,30,0,AP0,192.4,189.7,1.42,1208.41,83628.15,84836.55,2.7
myargo,User3,14.95,30,0,AP0,192.4,189.7,1.42,1208.41,83628.15,84836.55,2.7
myargo,User4,14.95,30,11.1,AP0,192.4,189.7,1.42,1208.41,83628.15,84836.55,2.7
myargo,User5,14.95,30,0,AP0,192.4,189.7,1.42,1208.41,83628.15,84836.55,2.7
myargo,User6,14.95,30,0,AP0,192.4,189.7,1.42,1208.41,83628.15,84836.55,2.7
myargo,User7,14.95,30,15,AP0,192.4,189.7,1.42,1208.41,83628.15,84836.55,2.7
myargo,User8,14.95,30,0,AP0,192.4,189.7,1.42,1208.41,83628.15,84836.55,2.7
myargo,User9,14.95,30,11.85,AP0,192.4,189.7,1.42,1208.41,83628.15,84836.55,2.7
myargo,User0,14.95,30,5.85,AP0,191.51,185.96,2.98,1199.69,83446.9,84646.59,5.55
myargo,User1,14.95,30,0,AP0,191.51,185.96,2.98,1199.69,83446.9,84646.59,5.55
myargo,User2,14.95,30,0,AP0,191.51,185.96,2.98,1199.69,83446.9,84646.59,5.55
myargo,User3,14.95,30,5.7,AP0,191.51,185.96,2.98,1199.69,83446.9,84646.59,5.55
myargo,User4,14.95,30,14.4,AP0,191.51,185.96,2.98,1199.69,83446.9,84646.59,5.55
myargo,User5,14.95,30,3.3,AP0,191.51,185.96,2.98,1199.69,83446.9,84646.59,5.55
myargo,User6,14.95,30,0,AP0,191.51,185.96,2.98,1199.69,83446.9,84646.59,5.55
myargo,User7,14.95,30,4.8,AP0,191.51,185.96,2.98,1199.69,83446.9,84646.59,5.55
myargo,User8,14.95,30,0,AP0,191.51,185.96,2.98,1199.69,83446.9,84646.59,5.55
myargo,User9,14.95,30,10.5,AP0,191.51,185.96,2.98,1199.69,83446.9,84646.59,5.55
myargo,User0,14.95,30,0,AP0,188.52,181.27,4,1256.09,84142.73,85398.82,7.25
myargo,User1,14.95,30,0.75,AP0,188.52,181.27,4,1256.09,84142.73,85398.82,7.25
myargo,User2,14.95,30,12.3,AP0,188.52,181.27,4,1256.09,84142.73,85398.82,7.25
myargo,User3,14.95,30,15,AP0,188.52,181.27,4,1256.09,84142.73,85398.82,7.25
myargo,User4,14.95,30,15,AP0,188.52,181.27,4,1256.09,84142.73,85398.82,7.25
myargo,User5,14.95,30,12.9,AP0,188.52,181.27,4,1256.09,84142.73,85398.82,7.25
myargo,User6,14.95,30,0,AP0,188.52,181.27,4,1256.09,84142.73,85398.82,7.25
myargo,User7,14.95,30,14.85,AP0,188.52,181.27,4,1256.09,84142.73,85398.82,7.25
myargo,User8,14.95,30,0,AP0,188.52,181.27,4,1256.09,84142.73,85398.82,7.25
myargo,User9,14.95,30,0,AP0,188.52,181.27,4,1256.09,84142.73,85398.82,7.25
myargo,User0,14.95,30,0,AP0,190.76,184.41,3.45,1230.6,83614.51,84845.11,6.35
myargo,User1,14.95,30,0,AP0,190.76,184.41,3.45,1230.6,83614.51,84845.11,6.35
myargo,User2,14.95,30,12.75,AP0,190.76,184.41,3.45,1230.6,83614.51,84845.11,6.35
myargo,User3,14.95,30,8.55,AP0,190.76,184.41,3.45,1230.6,83614.51,84845.11,6.35
myargo,User4,14.95,30,5.85,AP0,190.76,184.41,3.45,1230.6,83614.51,84845.11,6.35
myargo,User5,14.95,30,1.95,AP0,190.76,184.41,3.45,1230.6,83614.51,84845.11,6.35
myargo,User6,14.95,30,0,AP0,190.76,184.41,3.45,1230.6,83614.51,84845.11,6.35
myargo,User7,14.95,30,0,AP0,190.76,184.41,3.45,1230.6,83614.51,84845.11,6.35
myargo,User8,14.95,30,4.65,AP0,190.76,184.41,3.45,1230.6,83614.51,84845.11,6.35
myargo,User9,14.95,30,6,AP0,190.76,184.41,3.45,1230.6,83614.51,84845.11,6.35
myargo,User0,14.95,30,0,AP0,192.06,189.59,1.3,1226.43,83220.31,84446.74,2.47
myargo,User1,14.95,30,0,AP0,192.06,189.59,1.3,1226.43,83220.31,84446.74,2.47
myargo,User2,14.95,30,0.15,AP0,192.06,189.59,1.3,1226.43,83220.31,84446.74,2.47
myargo,User3,14.95,30,0,AP0,192.06,189.59,1.3,1226.43,83220.31,84446.74,2.47
myargo,User4,14.95,30,0,AP0,192.06,189.59,1.3,1226.43,83220.31,84446.74,2.47
myargo,User5,14.95,30,15,AP0,192.06,189.59,1.3,1226.43,83220.31,84446.74,2.47
myargo,User6,14.95,30,0,AP0,192.06,189.59,1.3,1226.43,83220.31,84446.74,2.47
myargo,User7,14.95,30,0,AP0,192.06,189.59,1.3,1226.43,83220.31,84446.74,2.47
myargo,User8,14.95,30,13.5,AP0,192.06,189.59,1.3,1226.43,83220.31,84446.74,2.47
myargo,User9,14.95,30,9.9,AP0,192.06,189.59,1.3,1226.43,83220.31,84446.74,2.47
myargo,User0,14.95,30,2.4,AP0,191.25,184.76,3.51,1227.36,83674.38,84901.74,6.49
myargo,User1,14.95,30,9.75,AP0,191.25,184.76,3.51,1227.36,83674.38,84901.74,6.49
myargo,User2,14.95,30,14.4,AP0,191.25,184.76,3.51,1227.36,83674.38,84901.74,6.49
myargo,User3,14.95,30,0,AP0,191.25,184.76,3.51,1227.36,83674.38,84901.74,6.49
myargo,User4,14.95,30,7.05,AP0,191.25,184.76,3.51,1227.36,83674.38,84901.74,6.49
myargo,User5,14.95,30,0,AP0,191.25,184.76,3.51,1227.36,83674.38,84901.74,6.49
myargo,User6,14.95,30,6.3,AP0,191.25,184.76,3.51,1227.36,83674.38,84901.74,6.49
myargo,User7,14.95,30,0,AP0,191.25,184.76,3.51,1227.36,83674.38,84901.74,6.49
myargo,User8,14.95,30,0,AP0,191.25,184.76,3.51,1227.36,83674.38,84901.74,6.49
myargo,User9,14.95,30,7.95,AP0,191.25,184.76,3.51,1227.36,83674.38,84901.74,6.49
myargo,User0,14.95,30,0,AP0,190.97,187.77,1.7,1203.34,83272.33,84475.66,3.2
myargo,User1,14.95,30,0,AP0,190.97,187.77,1.7,1203.34,83272.33,84475.66,3.2
myargo,User2,14.95,30,2.85,AP0,190.97,187.77,1.7,1203.34,83272.33,84475.66,3.2
myargo,User3,14.95,30,0,AP0,190.97,187.77,1.7,1203.34,83272.33,84475.66,3.2
myargo,User4,14.95,30,10.95,AP0,190.97,187.77,1.7,1203.34,83272.33,84475.66,3.2
myargo,User5,14.95,30,3.9,AP0,190.97,187.77,1.7,1203.34,83272.33,84475.66,3.2
myargo,User6,14.95,30,15,AP0,190.97,187.77,1.7,1203.34,83272.33,84475.66,3.2
myargo,User7,14.95,30,1.5,AP0,190.97,187.77,1.7,1203.34,83272.33,84475.66,3.2
myargo,User8,14.95,30,0,AP0,190.97,187.77,1.7,1203.34,83272.33,84475.66,3.2
myargo,User9,14.95,30,0,AP0,190.97,187.77,1.7,1203.34,83272.33,84475.66,3.2
myargo,User0,14.95,30,0,AP0,193.31,192.36,0.5,1196.97,83678.17,84875.14,0.95
myargo,User1,14.95,30,0,AP0,193.31,192.36,0.5,1196.97,83678.17,84875.14,0.95
myargo,User2,14.95,30,0,AP0,193.31,192.36,0.5,1196.97,83678.17,84875.14,0.95
myargo,User3,14.95,30,11.55,AP0,193.31,192.36,0.5,1196.97,83678.17,84875.14,0.95
myargo,User4,14.95,30,0,AP0,193.31,192.36,0.5,1196.97,83678.17,84875.14,0.95
myargo,User5,14.95,30,0,AP0,193.31,192.36,0.5,1196.97,83678.17,84875.14,0.95
myargo,User6,14.95,30,0,AP0,193.31,192.36,0.5,1196.97,83678.17,84875.14,0.95
myargo,User7,14.95,30,4.8,AP0,193.31,192.36,0.5,1196.97,83678.17,84875.14,0.95
myargo,User8,14.95,30,0,AP0,193.31,192.36,0.5,1196.97,83678.17,84875.14,0.95
myargo,User9,14.95,30,0,AP0,193.31,192.36,0.5,1196.97,83678.17,84875.14,0.95
myargo,User0,14.95,30,13.5,AP0,188.52,178,5.91,1223.58,84403.68,85627.26,10.52
myargo,User1,14.95,30,0,AP0,188.52,178,5.91,1223.58,84403.68,85627.26,10.52
myargo,User2,14.95,30,1.95,AP0,188.52,178,5.91,1223.58,84403.68,85627.26,10.52
myargo,User3,14.95,30,0,AP0,188.52,178,5.91,1223.58,84403.68,85627.26,10.52
myargo,User4,14.95,30,15,AP0,188.52,178,5.91,1223.58,84403.68,85627.26,10.52
myargo,User5,14.95,30,7.8,AP0,188.52,178,5.91,1223.58,84403.68,85627.26,10.52
myargo,User6,14.95,30,0,AP0,188.52,178,5.91,1223.58,84403.68,85627.26,10.52
myargo,User7,14.95,30,7.8,AP0,188.52,178,5.91,1223.58,84403.68,85627.26,10.52
myargo,User8,14.95,30,4.8,AP0,188.52,178,5.91,1223.58,84403.68,85627.26,10.52
myargo,User9,14.95,30,10.35,AP0,188.52,178,5.91,1223.58,84403.68,85627.26,10.52
myargo,User0,14.95,30,12.45,AP0,192.28,187.52,2.54,1218.87,83451.99,84670.86,4.76
myargo,User1,14.95,30,8.4,AP0,192.28,187.52,2.54,1218.87,83451.99,84670.86,4.76
myargo,User2,14.95,30,0,AP0,192.28,187.52,2.54,1218.87,83451.99,84670.86,4.76
myargo,User3,14.95,30,2.25,AP0,192.28,187.52,2.54,1218.87,83451.99,84670.86,4.76
myargo,User4,14.95,30,0,AP0,192.28,187.52,2.54,1218.87,83451.99,84670.86,4.76
myargo,User5,14.95,30,7.8,AP0,192.28,187.52,2.54,1218.87,83451.99,84670.86,4.76
myargo,User6,14.95,30,1.35,AP0,192.28,187.52,2.54,1218.87,83451.99,84670.86,4.76
myargo,User7,14.95,30,0,AP0,192.28,187.52,2.54,1218.87,83451.99,84670.86,4.76
myargo,User8,14.95,30,0,AP0,192.28,187.52,2.54,1218.87,83451.99,84670.86,4.76
myargo,User9,14.95,30,12.75,AP0,192.28,187.52,2.54,1218.87,83451.99,84670.86,4.76
myargo,User0,14.95,30,10.2,AP0,189.77,173.61,9.31,1230.96,83761.03,84991.99,16.16
myargo,User1,14.95,30,9.9,AP0,189.77,173.61,9.31,1230.96,83761.03,84991.99,16.16
myargo,User2,14.95,30,8.1,AP0,189.77,173.61,9.31,1230.96,83761.03,84991.99,16.16
myargo,User3,14.95,30,10.8,AP0,189.77,173.61,9.31,1230.96,83761.03,84991.99,16.16
myargo,User4,14.95,30,0,AP0,189.77,173.61,9.31,1230.96,83761.03,84991.99,16.16
myargo,User5,14.95,30,0,AP0,189.77,173.61,9.31,1230.96,83761.03,84991.99,16.16
myargo,User6,14.95,30,12.15,AP0,189.77,173.61,9.31,1230.96,83761.03,84991.99,16.16
myargo,User7,14.95,30,10.8,AP0,189.77,173.61,9.31,1230.96,83761.03,84991.99,16.16
myargo,User8,14.95,30,9,AP0,189.77,173.61,9.31,1230.96,83761.03,84991.99,16.16
myargo,User9,14.95,30,11.55,AP0,189.77,173.61,9.31,1230.96,83761.03,84991.99,16.16
myargo,User0,14.95,30,0,AP0,190.25,182.01,4.53,1230.37,83654.83,84885.19,8.24
myargo,User1,14.95,30,3.6,AP0,190.25,182.01,4.53,1230.37,83654.83,84885.19,8.24
myargo,User2,14.95,30,11.4,AP0,190.25,182.01,4.53,1230.37,83654.83,84885.19,8.24
myargo,User3,14.95,30,0,AP0,190.25,182.01,4.53,1230.37,83654.83,84885.19,8.24
myargo,User4,14.95,30,2.1,AP0,190.25,182.01,4.53,1230.37,83654.83,84885.19,8.24
myargo,User5,14.95,30,11.7,AP0,190.25,182.01,4.53,1230.37,83654.83,84885.19,8.24
myargo,User6,14.95,30,0,AP0,190.25,182.01,4.53,1230.37,83654.83,84885.19,8.24
myargo,User7,14.95,30,9.15,AP0,190.25,182.01,4.53,1230.37,83654.83,84885.19,8.24
myargo,User8,14.95,30,2.55,AP0,190.25,182.01,4.53,1230.37,83654.83,84885.19,8.24
myargo,User9,14.95,30,13.2,AP0,190.25,182.01,4.53,1230.37,83654.83,84885.19,8.24
myargo,User0,14.95,30,1.5,AP0,189.88,181.07,4.86,1205.9,83621.23,84827.13,8.81
myargo,User1,14.95,30,2.7,AP0,189.88,181.07,4.86,1205.9,83621.23,84827.13,8.81
myargo,User2,14.95,30,0,AP0,189.88,181.07,4.86,1205.9,83621.23,84827.13,8.81
myargo,User3,14.95,30,0,AP0,189.88,181.07,4.86,1205.9,83621.23,84827.13,8.81
myargo,User4,14.95,30,10.65,AP0,189.88,181.07,4.86,1205.9,83621.23,84827.13,8.81
myargo,User5,14.95,30,1.2,AP0,189.88,181.07,4.86,1205.9,83621.23,84827.13,8.81
myargo,User6,14.95,30,6.9,AP0,189.88,181.07,4.86,1205.9,83621.23,84827.13,8.81
myargo,User7,14.95,30,15,AP0,189.88,181.07,4.86,1205.9,83621.23,84827.13,8.81
myargo,User8,14.95,30,7.35,AP0,189.88,181.07,4.86,1205.9,83621.23,84827.13,8.81
myargo,User9,14.95,30,9,AP0,189.88,181.07,4.86,1205.9,83621.23,84827.13,8.81
myargo,User0,14.95,30,0,AP0,190.76,186.05,2.53,1235.8,83189.25,84425.05,4.71
myargo,User1,14.95,30,0,AP0,190.76,186.05,2.53,1235.8,83189.25,84425.05,4.71
myargo,User2,14.95,30,13.05,AP0,190.76,186.05,2.53,1235.8,83189.25,84425.05,4.71
myargo,User3,14.95,30,3.75,AP0,190.76,186.05,2.53,1235.8,83189.25,84425.05,4.71
myargo,User4,14.95,30,0,AP0,190.76,186.05,2.53,1235.8,83189.25,84425.05,4.71
myargo,User5,14.95,30,8.85,AP0,190.76,186.05,2.53,1235.8,83189.25,84425.05,4.71
myargo,User6,14.95,30,1.95,AP0,190.76,186.05,2.53,1235.8,83189.25,84425.05,4.71
myargo,User7,14.95,30,0,AP0,190.76,186.05,2.53,1235.8,83189.25,84425.05,4.71
myargo,User8,14.95,30,0,AP0,190.76,186.05,2.53,1235.8,83189.25,84425.05,4.71
myargo,User9,14.95,30,11.25,AP0,190.76,186.05,2.53,1235.8,83189.25,84425.05,4.71
myargo,User0,14.95,30,0,AP0,192.77,189.7,1.62,1187.61,83567.31,84754.93,3.07
myargo,User1,14.95,30,0,AP0,192.77,189.7,1.62,1187.61,83567.31,84754.93,3.07
myargo,User2,14.95,30,0,AP0,192.77,189.7,1.62,1187.61,83567.31,84754.93,3.07
myargo,User3,14.95,30,12.15,AP0,192.77,189.7,1.62,1187.61,83567.31,84754.93,3.07
myargo,User4,14.95,30,0,AP0,192.77,189.7,1.62,1187.61,83567.31,84754.93,3.07
myargo,User5,14.95,30,9.6,AP0,192.77,189.7,1.62,1187.61,83567.31,84754.93,3.07
myargo,User6,14.95,30,0,AP0,192.77,189.7,1.62,1187.61,83567.31,84754.93,3.07
myargo,User7,14.95,30,0,AP0,192.77,189.7,1.62,1187.61,83567.31,84754.93,3.07
myargo,User8,14.95,30,8.7,AP0,192.77,189.7,1.62,1187.61,83567.31,84754.93,3.07
myargo,User9,14.95,30,10.8,AP0,192.77,189.7,1.62,1187.61,83567.31,84754.93,3.07
myargo,User0,14.95,30,0,AP0,191.88,188.7,1.68,1207.41,83703.83,84911.24,3.18
myargo,User1,14.95,30,12.45,AP0,191.88,188.7,1.68,1207.41,83703.83,84911.24,3.18
myargo,User2,14.95,30,5.4,AP0,191.88,188.7,1.68,1207.41,83703.83,84911.24,3.18
myargo,User3,14.95,30,6.75,AP0,191.88,188.7,1.68,1207.41,83703.83,84911.24,3.18
myargo,User4,14.95,30,0,AP0,191.88,188.7,1.68,1207.41,83703.83,84911.24,3.18
myargo,User5,14.95,30,2.7,AP0,191.88,188.7,1.68,1207.41,83703.83,84911.24,3.18
myargo,User6,14.95,30,0,AP0,191.88,188.7,1.68,1207.41,83703.83,84911.24,3.18
myargo,User7,14.95,30,0,AP0,191.88,188.7,1.68,1207.41,83703.83,84911.24,3.18
myargo,User8,14.95,30,0,AP0,191.88,188.7,1.68,1207.41,83703.83,84911.24,3.18
myargo,User9,14.95,30,0,AP0,191.88,188.7,1.68,1207.41,83703.83,84911.24,3.18
myargo,User0,14.95,30,0,AP0,192.67,190.64,1.06,1258.55,83734.07,84992.61,2.03
myargo,User1,14.95,30,0,AP0,192.67,190.64,1.06,1258.55,83734.07,84992.61,2.03
myargo,User2,14.95,30,0,AP0,192.67,190.64,1.06,1258.55,83734.07,84992.61,2.03
myargo,User3,14.95,30,0,AP0,192.67,190.64,1.06,1258.55,83734.07,84992.61,2.03
myargo,User4,14.95,30,3.9,AP0,192.67,190.64,1.06,1258.55,83734.07,84992.61,2.03
myargo,User5,14.95,30,9.9,AP0,192.67,190.64,1.06,1258.55,83734.07,84992.61,2.03
myargo,User6,14.95,30,0,AP0,192.67,190.64,1.06,1258.55,83734.07,84992.61,2.03
myargo,User7,14.95,30,4.8,AP0,192.67,190.64,1.06,1258.55,83734.07,84992.61,2.03
myargo,User8,14.95,30,0,AP0,192.67,190.64,1.06,1258.55,83734.07,84992.61,2.03
myargo,User9,14.95,30,4.5,AP0,192.67,190.64,1.06,1258.55,83734.07,84992.61,2.03
myargo,User0,14.95,30,15,AP0,190.32,186.18,2.22,1242.87,84133.45,85376.32,4.14
myargo,User1,14.95,30,3.75,AP0,190.32,186.18,2.22,1242.87,84133.45,85376.32,4.14
myargo,User2,14.95,30,0,AP0,190.32,186.18,2.22,1242.87,84133.45,85376.32,4.14
myargo,User3,14.95,30,0,AP0,190.32,186.18,2.22,1242.87,84133.45,85376.32,4.14
myargo,User4,14.95,30,0,AP0,190.32,186.18,2.22,1242.87,84133.45,85376.32,4.14
myargo,User5,14.95,30,11.25,AP0,190.32,186.18,2.22,1242.87,84133.45,85376.32,4.14
myargo,User6,14.95,30,13.8,AP0,190.32,186.18,2.22,1242.87,84133.45,85376.32,4.14
myargo,User7,14.95,30,0,AP0,190.32,186.18,2.22,1242.87,84133.45,85376.32,4.14
myargo,User8,14.95,30,0,AP0,190.32,186.18,2.22,1242.87,84133.45,85376.32,4.14
myargo,User9,14.95,30,0.15,AP0,190.32,186.18,2.22,1242.87,84133.45,85376.32,4.14