Method,NewUserName,MovementRadius,RequiredThroughput,MovementDistance,ConnectedAP,FinalSystemThroughput,InitialSystemThroughput,ImprovementRate,PositionVarianceX,PositionVarianceY,TotalPositionVariance
random,User0,15.00,N/A,2.04,AP1,1819.23,1797.51,1.21,170.95,147.63,318.57
random,User1,15.00,N/A,13.43,AP0,1819.23,1797.51,1.21,170.95,147.63,318.57
random,User2,15.00,N/A,6.07,AP0,1819.23,1797.51,1.21,170.95,147.63,318.57
random,User3,15.00,N/A,11.80,AP2,1819.23,1797.51,1.21,170.95,147.63,318.57
random,User4,15.00,N/A,13.72,AP2,1819.23,1797.51,1.21,170.95,147.63,318.57
random,User5,15.00,N/A,10.73,AP1,1819.23,1797.51,1.21,170.95,147.63,318.57
random,User6,15.00,N/A,3.87,AP2,1819.23,1797.51,1.21,170.95,147.63,318.57
random,User7,15.00,N/A,14.20,AP0,1819.23,1797.51,1.21,170.95,147.63,318.57
random,User8,15.00,N/A,11.27,AP2,1819.23,1797.51,1.21,170.95,147.63,318.57
random,User9,15.00,N/A,9.40,AP0,1819.23,1797.51,1.21,170.95,147.63,318.57
random,User0,15.00,N/A,3.22,AP3,1857.62,1848.46,0.50,175.75,157.97,333.72
random,User1,15.00,N/A,4.13,AP1,1857.62,1848.46,0.50,175.75,157.97,333.72
random,User2,15.00,N/A,2.14,AP0,1857.62,1848.46,0.50,175.75,157.97,333.72
random,User3,15.00,N/A,1.41,AP2,1857.62,1848.46,0.50,175.75,157.97,333.72
random,User4,15.00,N/A,11.21,AP2,1857.62,1848.46,0.50,175.75,157.97,333.72
random,User5,15.00,N/A,5.99,AP1,1857.62,1848.46,0.50,175.75,157.97,333.72
random,User6,15.00,N/A,3.23,AP1,1857.62,1848.46,0.50,175.75,157.97,333.72
random,User7,15.00,N/A,7.04,AP1,1857.62,1848.46,0.50,175.75,157.97,333.72
random,User8,15.00,N/A,14.82,AP2,1857.62,1848.46,0.50,175.75,157.97,333.72
random,User9,15.00,N/A,2.26,AP3,1857.62,1848.46,0.50,175.75,157.97,333.72
random,User0,15.00,N/A,10.49,AP0,1839.79,1830.02,0.53,168.01,152.23,320.24
random,User1,15.00,N/A,6.31,AP0,1839.79,1830.02,0.53,168.01,152.23,320.24
random,User2,15.00,N/A,10.06,AP0,1839.79,1830.02,0.53,168.01,152.23,320.24
random,User3,15.00,N/A,9.76,AP1,1839.79,1830.02,0.53,168.01,152.23,320.24
random,User4,15.00,N/A,7.16,AP3,1839.79,1830.02,0.53,168.01,152.23,320.24
random,User5,15.00,N/A,6.89,AP2,1839.79,1830.02,0.53,168.01,152.23,320.24
random,User6,15.00,N/A,4.41,AP3,1839.79,1830.02,0.53,168.01,152.23,320.24
random,User7,15.00,N/A,7.51,AP3,1839.79,1830.02,0.53,168.01,152.23,320.24
random,User8,15.00,N/A,4.63,AP0,1839.79,1830.02,0.53,168.01,152.23,320.24
random,User9,15.00,N/A,13.99,AP1,1839.79,1830.02,0.53,168.01,152.23,320.24
random,User0,15.00,N/A,5.16,AP3,1877.37,1879.11,-0.09,182.84,142.26,325.10
random,User1,15.00,N/A,12.36,AP3,1877.37,1879.11,-0.09,182.84,142.26,325.10
random,User2,15.00,N/A,2.20,AP3,1877.37,1879.11,-0.09,182.84,142.26,325.10
random,User3,15.00,N/A,0.87,AP0,1877.37,1879.11,-0.09,182.84,142.26,325.10
random,User4,15.00,N/A,1.87,AP0,1877.37,1879.11,-0.09,182.84,142.26,325.10
random,User5,15.00,N/A,4.61,AP3,1877.37,1879.11,-0.09,182.84,142.26,325.10
random,User6,15.00,N/A,9.77,AP3,1877.37,1879.11,-0.09,182.84,142.26,325.10
random,User7,15.00,N/A,4.03,AP0,1877.37,1879.11,-0.09,182.84,142.26,325.10
random,User8,15.00,N/A,9.49,AP3,1877.37,1879.11,-0.09,182.84,142.26,325.10
random,User9,15.00,N/A,6.41,AP1,1877.37,1879.11,-0.09,182.84,142.26,325.10
random,User0,15.00,N/A,2.84,AP1,1815.59,1823.35,-0.43,166.94,140.63,307.57
random,User1,15.00,N/A,6.06,AP1,1815.59,1823.35,-0.43,166.94,140.63,307.57
random,User2,15.00,N/A,8.76,AP2,1815.59,1823.35,-0.43,166.94,140.63,307.57
random,User3,15.00,N/A,12.97,AP0,1815.59,1823.35,-0.43,166.94,140.63,307.57
random,User4,15.00,N/A,0.75,AP1,1815.59,1823.35,-0.43,166.94,140.63,307.57
random,User5,15.00,N/A,9.05,AP1,1815.59,1823.35,-0.43,166.94,140.63,307.57
random,User6,15.00,N/A,9.79,AP0,1815.59,1823.35,-0.43,166.94,140.63,307.57
random,User7,15.00,N/A,0.95,AP2,1815.59,1823.35,-0.43,166.94,140.63,307.57
random,User8,15.00,N/A,6.79,AP2,1815.59,1823.35,-0.43,166.94,140.63,307.57
random,User9,15.00,N/A,3.82,AP0,1815.59,1823.35,-0.43,166.94,140.63,307.57
random,User0,15.00,N/A,2.94,AP0,1832.28,1831.95,0.02,169.85,141.95,311.80
random,User1,15.00,N/A,6.67,AP1,1832.28,1831.95,0.02,169.85,141.95,311.80
random,User2,15.00,N/A,7.61,AP0,1832.28,1831.95,0.02,169.85,141.95,311.80
random,User3,15.00,N/A,5.52,AP3,1832.28,1831.95,0.02,169.85,141.95,311.80
random,User4,15.00,N/A,8.86,AP0,1832.28,1831.95,0.02,169.85,141.95,311.80
random,User5,15.00,N/A,12.73,AP1,1832.28,1831.95,0.02,169.85,141.95,311.80
random,User6,15.00,N/A,5.32,AP3,1832.28,1831.95,0.02,169.85,141.95,311.80
random,User7,15.00,N/A,6.51,AP0,1832.28,1831.95,0.02,169.85,141.95,311.80
random,User8,15.00,N/A,13.09,AP0,1832.28,1831.95,0.02,169.85,141.95,311.80
random,User9,15.00,N/A,6.71,AP1,1832.28,1831.95,0.02,169.85,141.95,311.80
random,User0,15.00,N/A,3.00,AP2,1829.42,1808.45,1.16,169.38,146.39,315.77
random,User1,15.00,N/A,3.44,AP0,1829.42,1808.45,1.16,169.38,146.39,315.77
random,User2,15.00,N/A,8.37,AP0,1829.42,1808.45,1.16,169.38,146.39,315.77
random,User3,15.00,N/A,9.62,AP2,1829.42,1808.45,1.16,169.38,146.39,315.77
random,User4,15.00,N/A,10.10,AP0,1829.42,1808.45,1.16,169.38,146.39,315.77
random,User5,15.00,N/A,1.53,AP0,1829.42,1808.45,1.16,169.38,146.39,315.77
random,User6,15.00,N/A,11.91,AP0,1829.42,1808.45,1.16,169.38,146.39,315.77
random,User7,15.00,N/A,8.59,AP0,1829.42,1808.45,1.16,169.38,146.39,315.77
random,User8,15.00,N/A,7.19,AP2,1829.42,1808.45,1.16,169.38,146.39,315.77
random,User9,15.00,N/A,6.92,AP3,1829.42,1808.45,1.16,169.38,146.39,315.77
random,User0,15.00,N/A,0.92,AP0,1850.16,1848.36,0.10,170.75,155.36,326.11
random,User1,15.00,N/A,4.67,AP2,1850.16,1848.36,0.10,170.75,155.36,326.11
random,User2,15.00,N/A,3.13,AP3,1850.16,1848.36,0.10,170.75,155.36,326.11
random,User3,15.00,N/A,0.18,AP3,1850.16,1848.36,0.10,170.75,155.36,326.11
random,User4,15.00,N/A,11.53,AP0,1850.16,1848.36,0.10,170.75,155.36,326.11
random,User5,15.00,N/A,8.39,AP2,1850.16,1848.36,0.10,170.75,155.36,326.11
random,User6,15.00,N/A,5.09,AP2,1850.16,1848.36,0.10,170.75,155.36,326.11
random,User7,15.00,N/A,5.96,AP2,1850.16,1848.36,0.10,170.75,155.36,326.11
random,User8,15.00,N/A,5.52,AP2,1850.16,1848.36,0.10,170.75,155.36,326.11
random,User9,15.00,N/A,10.20,AP1,1850.16,1848.36,0.10,170.75,155.36,326.11
random,User0,15.00,N/A,13.77,AP0,1757.11,1753.31,0.22,166.00,138.50,304.50
random,User1,15.00,N/A,11.45,AP0,1757.11,1753.31,0.22,166.00,138.50,304.50
random,User2,15.00,N/A,2.08,AP0,1757.11,1753.31,0.22,166.00,138.50,304.50
random,User3,15.00,N/A,1.28,AP1,1757.11,1753.31,0.22,166.00,138.50,304.50
random,User4,15.00,N/A,10.19,AP0,1757.11,1753.31,0.22,166.00,138.50,304.50
random,User5,15.00,N/A,8.19,AP2,1757.11,1753.31,0.22,166.00,138.50,304.50
random,User6,15.00,N/A,6.08,AP0,1757.11,1753.31,0.22,166.00,138.50,304.50
random,User7,15.00,N/A,7.44,AP0,1757.11,1753.31,0.22,166.00,138.50,304.50
random,User8,15.00,N/A,7.48,AP0,1757.11,1753.31,0.22,166.00,138.50,304.50
random,User9,15.00,N/A,12.10,AP0,1757.11,1753.31,0.22,166.00,138.50,304.50
random,User0,15.00,N/A,14.50,AP2,1851.36,1831.58,1.08,179.01,142.47,321.48
random,User1,15.00,N/A,2.39,AP1,1851.36,1831.58,1.08,179.01,142.47,321.48
random,User2,15.00,N/A,9.27,AP3,1851.36,1831.58,1.08,179.01,142.47,321.48
random,User3,15.00,N/A,1.19,AP0,1851.36,1831.58,1.08,179.01,142.47,321.48
random,User4,15.00,N/A,11.38,AP0,1851.36,1831.58,1.08,179.01,142.47,321.48
random,User5,15.00,N/A,0.09,AP3,1851.36,1831.58,1.08,179.01,142.47,321.48
random,User6,15.00,N/A,7.03,AP1,1851.36,1831.58,1.08,179.01,142.47,321.48
random,User7,15.00,N/A,8.87,AP1,1851.36,1831.58,1.08,179.01,142.47,321.48
random,User8,15.00,N/A,11.01,AP1,1851.36,1831.58,1.08,179.01,142.47,321.48
random,User9,15.00,N/A,0.07,AP3,1851.36,1831.58,1.08,179.01,142.47,321.48
random,User0,15.00,N/A,4.50,AP3,1855.30,1831.97,1.27,176.71,145.66,322.37
random,User1,15.00,N/A,14.01,AP3,1855.30,1831.97,1.27,176.71,145.66,322.37
random,User2,15.00,N/A,2.31,AP0,1855.30,1831.97,1.27,176.71,145.66,322.37
random,User3,15.00,N/A,14.52,AP2,1855.30,1831.97,1.27,176.71,145.66,322.37
random,User4,15.00,N/A,1.40,AP2,1855.30,1831.97,1.27,176.71,145.66,322.37
random,User5,15.00,N/A,2.83,AP3,1855.30,1831.97,1.27,176.71,145.66,322.37
random,User6,15.00,N/A,8.13,AP1,1855.30,1831.97,1.27,176.71,145.66,322.37
random,User7,15.00,N/A,9.08,AP0,1855.30,1831.97,1.27,176.71,145.66,322.37
random,User8,15.00,N/A,10.52,AP1,1855.30,1831.97,1.27,176.71,145.66,322.37
random,User9,15.00,N/A,8.75,AP1,1855.30,1831.97,1.27,176.71,145.66,322.37
random,User0,15.00,N/A,10.20,AP0,1853.34,1859.54,-0.33,179.83,162.84,342.67
random,User1,15.00,N/A,5.97,AP3,1853.34,1859.54,-0.33,179.83,162.84,342.67
random,User2,15.00,N/A,3.17,AP0,1853.34,1859.54,-0.33,179.83,162.84,342.67
random,User3,15.00,N/A,11.22,AP1,1853.34,1859.54,-0.33,179.83,162.84,342.67
random,User4,15.00,N/A,3.16,AP2,1853.34,1859.54,-0.33,179.83,162.84,342.67
random,User5,15.00,N/A,4.28,AP3,1853.34,1859.54,-0.33,179.83,162.84,342.67
random,User6,15.00,N/A,6.50,AP2,1853.34,1859.54,-0.33,179.83,162.84,342.67
random,User7,15.00,N/A,0.51,AP3,1853.34,1859.54,-0.33,179.83,162.84,342.67
random,User8,15.00,N/A,0.54,AP2,1853.34,1859.54,-0.33,179.83,162.84,342.67
random,User9,15.00,N/A,6.01,AP1,1853.34,1859.54,-0.33,179.83,162.84,342.67
random,User0,15.00,N/A,10.66,AP0,1847.73,1834.03,0.75,169.94,135.28,305.22
random,User1,15.00,N/A,9.15,AP2,1847.73,1834.03,0.75,169.94,135.28,305.22
random,User2,15.00,N/A,2.08,AP2,1847.73,1834.03,0.75,169.94,135.28,305.22
random,User3,15.00,N/A,12.87,AP0,1847.73,1834.03,0.75,169.94,135.28,305.22
random,User4,15.00,N/A,1.84,AP0,1847.73,1834.03,0.75,169.94,135.28,305.22
random,User5,15.00,N/A,6.90,AP1,1847.73,1834.03,0.75,169.94,135.28,305.22
random,User6,15.00,N/A,12.12,AP0,1847.73,1834.03,0.75,169.94,135.28,305.22
random,User7,15.00,N/A,5.77,AP0,1847.73,1834.03,0.75,169.94,135.28,305.22
random,User8,15.00,N/A,6.62,AP2,1847.73,1834.03,0.75,169.94,135.28,305.22
random,User9,15.00,N/A,6.94,AP3,1847.73,1834.03,0.75,169.94,135.28,305.22
random,User0,15.00,N/A,10.02,AP1,1845.91,1844.73,0.06,188.20,133.87,322.07
random,User1,15.00,N/A,5.92,AP2,1845.91,1844.73,0.06,188.20,133.87,322.07
random,User2,15.00,N/A,9.31,AP1,1845.91,1844.73,0.06,188.20,133.87,322.07
random,User3,15.00,N/A,11.34,AP3,1845.91,1844.73,0.06,188.20,133.87,322.07
random,User4,15.00,N/A,0.06,AP2,1845.91,1844.73,0.06,188.20,133.87,322.07
random,User5,15.00,N/A,6.65,AP1,1845.91,1844.73,0.06,188.20,133.87,322.07
random,User6,15.00,N/A,1.50,AP2,1845.91,1844.73,0.06,188.20,133.87,322.07
random,User7,15.00,N/A,5.37,AP2,1845.91,1844.73,0.06,188.20,133.87,322.07
random,User8,15.00,N/A,9.77,AP0,1845.91,1844.73,0.06,188.20,133.87,322.07
random,User9,15.00,N/A,10.50,AP0,1845.91,1844.73,0.06,188.20,133.87,322.07
random,User0,15.00,N/A,9.53,AP1,1831.49,1795.32,2.01,171.24,133.12,304.35
random,User1,15.00,N/A,0.94,AP1,1831.49,1795.32,2.01,171.24,133.12,304.35
random,User2,15.00,N/A,7.50,AP0,1831.49,1795.32,2.01,171.24,133.12,304.35
random,User3,15.00,N/A,5.12,AP3,1831.49,1795.32,2.01,171.24,133.12,304.35
random,User4,15.00,N/A,9.20,AP2,1831.49,1795.32,2.01,171.24,133.12,304.35
random,User5,15.00,N/A,5.90,AP0,1831.49,1795.32,2.01,171.24,133.12,304.35
random,User6,15.00,N/A,14.46,AP3,1831.49,1795.32,2.01,171.24,133.12,304.35
random,User7,15.00,N/A,12.41,AP0,1831.49,1795.32,2.01,171.24,133.12,304.35
random,User8,15.00,N/A,14.63,AP0,1831.49,1795.32,2.01,171.24,133.12,304.35
random,User9,15.00,N/A,2.83,AP1,1831.49,1795.32,2.01,171.24,133.12,304.35
random,User0,15.00,N/A,2.53,AP1,1816.56,1796.47,1.12,168.69,143.35,312.04
random,User1,15.00,N/A,10.45,AP1,1816.56,1796.47,1.12,168.69,143.35,312.04
random,User2,15.00,N/A,8.48,AP3,1816.56,1796.47,1.12,168.69,143.35,312.04
random,User3,15.00,N/A,0.44,AP0,1816.56,1796.47,1.12,168.69,143.35,312.04
random,User4,15.00,N/A,8.82,AP0,1816.56,1796.47,1.12,168.69,143.35,312.04
random,User5,15.00,N/A,1.64,AP0,1816.56,1796.47,1.12,168.69,143.35,312.04
random,User6,15.00,N/A,1.54,AP0,1816.56,1796.47,1.12,168.69,143.35,312.04
random,User7,15.00,N/A,9.46,AP0,1816.56,1796.47,1.12,168.69,143.35,312.04
random,User8,15.00,N/A,5.18,AP2,1816.56,1796.47,1.12,168.69,143.35,312.04
random,User9,15.00,N/A,0.31,AP0,1816.56,1796.47,1.12,168.69,143.35,312.04
random,User0,15.00,N/A,5.23,AP1,1854.24,1850.15,0.22,168.98,146.12,315.10
random,User1,15.00,N/A,4.69,AP2,1854.24,1850.15,0.22,168.98,146.12,315.10
random,User2,15.00,N/A,4.32,AP2,1854.24,1850.15,0.22,168.98,146.12,315.10
random,User3,15.00,N/A,6.27,AP1,1854.24,1850.15,0.22,168.98,146.12,315.10
random,User4,15.00,N/A,2.37,AP1,1854.24,1850.15,0.22,168.98,146.12,315.10
random,User5,15.00,N/A,5.82,AP0,1854.24,1850.15,0.22,168.98,146.12,315.10
random,User6,15.00,N/A,2.32,AP0,1854.24,1850.15,0.22,168.98,146.12,315.10
random,User7,15.00,N/A,10.71,AP2,1854.24,1850.15,0.22,168.98,146.12,315.10
random,User8,15.00,N/A,10.25,AP3,1854.24,1850.15,0.22,168.98,146.12,315.10
random,User9,15.00,N/A,0.61,AP2,1854.24,1850.15,0.22,168.98,146.12,315.10
random,User0,15.00,N/A,6.57,AP3,1850.78,1836.14,0.80,173.31,153.27,326.57
random,User1,15.00,N/A,8.45,AP3,1850.78,1836.14,0.80,173.31,153.27,326.57
random,User2,15.00,N/A,13.80,AP0,1850.78,1836.14,0.80,173.31,153.27,326.57
random,User3,15.00,N/A,9.02,AP2,1850.78,1836.14,0.80,173.31,153.27,326.57
random,User4,15.00,N/A,7.05,AP2,1850.78,1836.14,0.80,173.31,153.27,326.57
random,User5,15.00,N/A,12.40,AP0,1850.78,1836.14,0.80,173.31,153.27,326.57
random,User6,15.00,N/A,8.24,AP1,1850.78,1836.14,0.80,173.31,153.27,326.57
random,User7,15.00,N/A,4.37,AP0,1850.78,1836.14,0.80,173.31,153.27,326.57
random,User8,15.00,N/A,13.92,AP1,1850.78,1836.14,0.80,173.31,153.27,326.57
random,User9,15.00,N/A,1.63,AP1,1850.78,1836.14,0.80,173.31,153.27,326.57
random,User0,15.00,N/A,1.72,AP0,1826.40,1814.58,0.65,169.01,140.64,309.65
random,User1,15.00,N/A,6.03,AP0,1826.40,1814.58,0.65,169.01,140.64,309.65
random,User2,15.00,N/A,1.24,AP3,1826.40,1814.58,0.65,169.01,140.64,309.65
random,User3,15.00,N/A,7.15,AP0,1826.40,1814.58,0.65,169.01,140.64,309.65
random,User4,15.00,N/A,7.27,AP2,1826.40,1814.58,0.65,169.01,140.64,309.65
random,User5,15.00,N/A,2.83,AP0,1826.40,1814.58,0.65,169.01,140.64,309.65
random,User6,15.00,N/A,7.80,AP0,1826.40,1814.58,0.65,169.01,140.64,309.65
random,User7,15.00,N/A,4.70,AP3,1826.40,1814.58,0.65,169.01,140.64,309.65
random,User8,15.00,N/A,7.31,AP0,1826.40,1814.58,0.65,169.01,140.64,309.65
random,User9,15.00,N/A,3.86,AP0,1826.40,1814.58,0.65,169.01,140.64,309.65
random,User0,15.00,N/A,5.53,AP2,1853.01,1817.35,1.96,194.76,146.09,340.85
random,User1,15.00,N/A,9.95,AP3,1853.01,1817.35,1.96,194.76,146.09,340.85
random,User2,15.00,N/A,9.36,AP3,1853.01,1817.35,1.96,194.76,146.09,340.85
random,User3,15.00,N/A,13.25,AP3,1853.01,1817.35,1.96,194.76,146.09,340.85
random,User4,15.00,N/A,8.56,AP2,1853.01,1817.35,1.96,194.76,146.09,340.85
random,User5,15.00,N/A,5.99,AP1,1853.01,1817.35,1.96,194.76,146.09,340.85
random,User6,15.00,N/A,4.82,AP0,1853.01,1817.35,1.96,194.76,146.09,340.85
random,User7,15.00,N/A,0.86,AP0,1853.01,1817.35,1.96,194.76,146.09,340.85
random,User8,15.00,N/A,4.42,AP0,1853.01,1817.35,1.96,194.76,146.09,340.85
random,User9,15.00,N/A,0.57,AP0,1853.01,1817.35,1.96,194.76,146.09,340.85
random,User0,15.00,N/A,5.74,AP0,1814.94,1802.18,0.71,182.62,149.54,332.16
random,User1,15.00,N/A,10.37,AP2,1814.94,1802.18,0.71,182.62,149.54,332.16
random,User2,15.00,N/A,14.07,AP0,1814.94,1802.18,0.71,182.62,149.54,332.16
random,User3,15.00,N/A,14.05,AP2,1814.94,1802.18,0.71,182.62,149.54,332.16
random,User4,15.00,N/A,11.06,AP0,1814.94,1802.18,0.71,182.62,149.54,332.16
random,User5,15.00,N/A,2.18,AP1,1814.94,1802.18,0.71,182.62,149.54,332.16
random,User6,15.00,N/A,7.70,AP0,1814.94,1802.18,0.71,182.62,149.54,332.16
random,User7,15.00,N/A,2.76,AP2,1814.94,1802.18,0.71,182.62,149.54,332.16
random,User8,15.00,N/A,3.81,AP1,1814.94,1802.18,0.71,182.62,149.54,332.16
random,User9,15.00,N/A,0.32,AP0,1814.94,1802.18,0.71,182.62,149.54,332.16
random,User0,15.00,N/A,5.23,AP2,1864.43,1868.65,-0.23,170.68,149.04,319.72
random,User1,15.00,N/A,12.81,AP2,1864.43,1868.65,-0.23,170.68,149.04,319.72
random,User2,15.00,N/A,0.40,AP1,1864.43,1868.65,-0.23,170.68,149.04,319.72
random,User3,15.00,N/A,11.27,AP2,1864.43,1868.65,-0.23,170.68,149.04,319.72
random,User4,15.00,N/A,5.24,AP2,1864.43,1868.65,-0.23,170.68,149.04,319.72
random,User5,15.00,N/A,5.52,AP2,1864.43,1868.65,-0.23,170.68,149.04,319.72
random,User6,15.00,N/A,10.73,AP0,1864.43,1868.65,-0.23,170.68,149.04,319.72
random,User7,15.00,N/A,1.27,AP0,1864.43,1868.65,-0.23,170.68,149.04,319.72
random,User8,15.00,N/A,6.94,AP2,1864.43,1868.65,-0.23,170.68,149.04,319.72
random,User9,15.00,N/A,2.39,AP3,1864.43,1868.65,-0.23,170.68,149.04,319.72
random,User0,15.00,N/A,1.58,AP0,1850.17,1836.08,0.77,163.12,154.84,317.96
random,User1,15.00,N/A,9.61,AP0,1850.17,1836.08,0.77,163.12,154.84,317.96
random,User2,15.00,N/A,4.20,AP2,1850.17,1836.08,0.77,163.12,154.84,317.96
random,User3,15.00,N/A,9.88,AP1,1850.17,1836.08,0.77,163.12,154.84,317.96
random,User4,15.00,N/A,14.28,AP3,1850.17,1836.08,0.77,163.12,154.84,317.96
random,User5,15.00,N/A,6.81,AP0,1850.17,1836.08,0.77,163.12,154.84,317.96
random,User6,15.00,N/A,13.54,AP3,1850.17,1836.08,0.77,163.12,154.84,317.96
random,User7,15.00,N/A,9.73,AP3,1850.17,1836.08,0.77,163.12,154.84,317.96
random,User8,15.00,N/A,4.69,AP0,1850.17,1836.08,0.77,163.12,154.84,317.96
random,User9,15.00,N/A,13.61,AP0,1850.17,1836.08,0.77,163.12,154.84,317.96
random,User0,15.00,N/A,1.42,AP2,1813.10,1820.84,-0.43,175.99,140.69,316.68
random,User1,15.00,N/A,4.77,AP0,1813.10,1820.84,-0.43,175.99,140.69,316.68
random,User2,15.00,N/A,2.25,AP1,1813.10,1820.84,-0.43,175.99,140.69,316.68
random,User3,15.00,N/A,8.45,AP0,1813.10,1820.84,-0.43,175.99,140.69,316.68
random,User4,15.00,N/A,6.85,AP1,1813.10,1820.84,-0.43,175.99,140.69,316.68
random,User5,15.00,N/A,7.18,AP3,1813.10,1820.84,-0.43,175.99,140.69,316.68
random,User6,15.00,N/A,6.87,AP0,1813.10,1820.84,-0.43,175.99,140.69,316.68
random,User7,15.00,N/A,5.03,AP0,1813.10,1820.84,-0.43,175.99,140.69,316.68
random,User8,15.00,N/A,1.50,AP3,1813.10,1820.84,-0.43,175.99,140.69,316.68
random,User9,15.00,N/A,0.84,AP1,1813.10,1820.84,-0.43,175.99,140.69,316.68
random,User0,15.00,N/A,0.36,AP0,1850.03,1834.83,0.83,167.44,138.24,305.69
random,User1,15.00,N/A,10.36,AP2,1850.03,1834.83,0.83,167.44,138.24,305.69
random,User2,15.00,N/A,1.09,AP2,1850.03,1834.83,0.83,167.44,138.24,305.69
random,User3,15.00,N/A,13.65,AP0,1850.03,1834.83,0.83,167.44,138.24,305.69
random,User4,15.00,N/A,8.07,AP1,1850.03,1834.83,0.83,167.44,138.24,305.69
random,User5,15.00,N/A,12.81,AP3,1850.03,1834.83,0.83,167.44,138.24,305.69
random,User6,15.00,N/A,7.77,AP3,1850.03,1834.83,0.83,167.44,138.24,305.69
random,User7,15.00,N/A,3.92,AP0,1850.03,1834.83,0.83,167.44,138.24,305.69
random,User8,15.00,N/A,13.84,AP0,1850.03,1834.83,0.83,167.44,138.24,305.69
random,User9,15.00,N/A,2.80,AP1,1850.03,1834.83,0.83,167.44,138.24,305.69
random,User0,15.00,N/A,8.67,AP3,1892.43,1885.68,0.36,171.69,155.49,327.17
random,User1,15.00,N/A,4.93,AP3,1892.43,1885.68,0.36,171.69,155.49,327.17
random,User2,15.00,N/A,9.83,AP0,1892.43,1885.68,0.36,171.69,155.49,327.17
random,User3,15.00,N/A,5.06,AP3,1892.43,1885.68,0.36,171.69,155.49,327.17
random,User4,15.00,N/A,2.87,AP1,1892.43,1885.68,0.36,171.69,155.49,327.17
random,User5,15.00,N/A,1.77,AP3,1892.43,1885.68,0.36,171.69,155.49,327.17
random,User6,15.00,N/A,6.95,AP3,1892.43,1885.68,0.36,171.69,155.49,327.17
random,User7,15.00,N/A,10.76,AP3,1892.43,1885.68,0.36,171.69,155.49,327.17
random,User8,15.00,N/A,10.41,AP2,1892.43,1885.68,0.36,171.69,155.49,327.17
random,User9,15.00,N/A,7.71,AP2,1892.43,1885.68,0.36,171.69,155.49,327.17
random,User0,15.00,N/A,5.91,AP0,1827.75,1823.47,0.23,178.71,141.36,320.07
random,User1,15.00,N/A,4.96,AP0,1827.75,1823.47,0.23,178.71,141.36,320.07
random,User2,15.00,N/A,8.77,AP0,1827.75,1823.47,0.23,178.71,141.36,320.07
random,User3,15.00,N/A,3.09,AP3,1827.75,1823.47,0.23,178.71,141.36,320.07
random,User4,15.00,N/A,1.28,AP3,1827.75,1823.47,0.23,178.71,141.36,320.07
random,User5,15.00,N/A,0.79,AP1,1827.75,1823.47,0.23,178.71,141.36,320.07
random,User6,15.00,N/A,1.47,AP1,1827.75,1823.47,0.23,178.71,141.36,320.07
random,User7,15.00,N/A,7.70,AP2,1827.75,1823.47,0.23,178.71,141.36,320.07
random,User8,15.00,N/A,8.11,AP1,1827.75,1823.47,0.23,178.71,141.36,320.07
random,User9,15.00,N/A,2.97,AP0,1827.75,1823.47,0.23,178.71,141.36,320.07
random,User0,15.00,N/A,5.30,AP0,1828.67,1835.82,-0.39,180.83,153.14,333.97
random,User1,15.00,N/A,1.24,AP0,1828.67,1835.82,-0.39,180.83,153.14,333.97
random,User2,15.00,N/A,3.37,AP0,1828.67,1835.82,-0.39,180.83,153.14,333.97
random,User3,15.00,N/A,8.25,AP1,1828.67,1835.82,-0.39,180.83,153.14,333.97
random,User4,15.00,N/A,8.87,AP3,1828.67,1835.82,-0.39,180.83,153.14,333.97
random,User5,15.00,N/A,5.42,AP1,1828.67,1835.82,-0.39,180.83,153.14,333.97
random,User6,15.00,N/A,10.18,AP3,1828.67,1835.82,-0.39,180.83,153.14,333.97
random,User7,15.00,N/A,0.08,AP2,1828.67,1835.82,-0.39,180.83,153.14,333.97
random,User8,15.00,N/A,5.76,AP1,1828.67,1835.82,-0.39,180.83,153.14,333.97
random,User9,15.00,N/A,14.96,AP0,1828.67,1835.82,-0.39,180.83,153.14,333.97
random,User0,15.00,N/A,2.40,AP2,1858.87,1846.06,0.69,177.60,136.43,314.03
random,User1,15.00,N/A,9.31,AP1,1858.87,1846.06,0.69,177.60,136.43,314.03
random,User2,15.00,N/A,8.67,AP1,1858.87,1846.06,0.69,177.60,136.43,314.03
random,User3,15.00,N/A,12.76,AP1,1858.87,1846.06,0.69,177.60,136.43,314.03
random,User4,15.00,N/A,10.80,AP3,1858.87,1846.06,0.69,177.60,136.43,314.03
random,User5,15.00,N/A,5.75,AP3,1858.87,1846.06,0.69,177.60,136.43,314.03
random,User6,15.00,N/A,14.78,AP1,1858.87,1846.06,0.69,177.60,136.43,314.03
random,User7,15.00,N/A,11.04,AP1,1858.87,1846.06,0.69,177.60,136.43,314.03
random,User8,15.00,N/A,5.63,AP2,1858.87,1846.06,0.69,177.60,136.43,314.03
random,User9,15.00,N/A,0.01,AP1,1858.87,1846.06,0.69,177.60,136.43,314.03
random,User0,15.00,N/A,11.69,AP0,1781.47,1786.64,-0.29,177.94,157.53,335.46
random,User1,15.00,N/A,1.42,AP1,1781.47,1786.64,-0.29,177.94,157.53,335.46
random,User2,15.00,N/A,7.37,AP0,1781.47,1786.64,-0.29,177.94,157.53,335.46
random,User3,15.00,N/A,4.35,AP0,1781.47,1786.64,-0.29,177.94,157.53,335.46
random,User4,15.00,N/A,10.58,AP0,1781.47,1786.64,-0.29,177.94,157.53,335.46
random,User5,15.00,N/A,13.50,AP0,1781.47,1786.64,-0.29,177.94,157.53,335.46
random,User6,15.00,N/A,3.38,AP0,1781.47,1786.64,-0.29,177.94,157.53,335.46
random,User7,15.00,N/A,4.78,AP1,1781.47,1786.64,-0.29,177.94,157.53,335.46
random,User8,15.00,N/A,10.14,AP0,1781.47,1786.64,-0.29,177.94,157.53,335.46
random,User9,15.00,N/A,1.61,AP3,1781.47,1786.64,-0.29,177.94,157.53,335.46
random,User0,15.00,N/A,3.76,AP3,1816.69,1814.20,0.14,176.13,135.34,311.47
random,User1,15.00,N/A,6.39,AP1,1816.69,1814.20,0.14,176.13,135.34,311.47
random,User2,15.00,N/A,2.06,AP0,1816.69,1814.20,0.14,176.13,135.34,311.47
random,User3,15.00,N/A,13.01,AP0,1816.69,1814.20,0.14,176.13,135.34,311.47
random,User4,15.00,N/A,5.31,AP0,1816.69,1814.20,0.14,176.13,135.34,311.47
random,User5,15.00,N/A,7.97,AP3,1816.69,1814.20,0.14,176.13,135.34,311.47
random,User6,15.00,N/A,7.42,AP0,1816.69,1814.20,0.14,176.13,135.34,311.47
random,User7,15.00,N/A,2.21,AP0,1816.69,1814.20,0.14,176.13,135.34,311.47
random,User8,15.00,N/A,0.82,AP0,1816.69,1814.20,0.14,176.13,135.34,311.47
random,User9,15.00,N/A,9.52,AP3,1816.69,1814.20,0.14,176.13,135.34,311.47
random,User0,15.00,N/A,1.98,AP1,1817.29,1816.78,0.03,176.45,143.71,320.16
random,User1,15.00,N/A,9.35,AP0,1817.29,1816.78,0.03,176.45,143.71,320.16
random,User2,15.00,N/A,12.46,AP1,1817.29,1816.78,0.03,176.45,143.71,320.16
random,User3,15.00,N/A,7.31,AP1,1817.29,1816.78,0.03,176.45,143.71,320.16
random,User4,15.00,N/A,10.99,AP3,1817.29,1816.78,0.03,176.45,143.71,320.16
random,User5,15.00,N/A,2.52,AP1,1817.29,1816.78,0.03,176.45,143.71,320.16
random,User6,15.00,N/A,3.37,AP2,1817.29,1816.78,0.03,176.45,143.71,320.16
random,User7,15.00,N/A,1.51,AP1,1817.29,1816.78,0.03,176.45,143.71,320.16
random,User8,15.00,N/A,3.42,AP1,1817.29,1816.78,0.03,176.45,143.71,320.16
random,User9,15.00,N/A,10.96,AP1,1817.29,1816.78,0.03,176.45,143.71,320.16
random,User0,15.00,N/A,12.19,AP0,1819.31,1823.34,-0.22,173.52,147.74,321.25
random,User1,15.00,N/A,11.41,AP0,1819.31,1823.34,-0.22,173.52,147.74,321.25
random,User2,15.00,N/A,10.59,AP0,1819.31,1823.34,-0.22,173.52,147.74,321.25
random,User3,15.00,N/A,6.38,AP3,1819.31,1823.34,-0.22,173.52,147.74,321.25
random,User4,15.00,N/A,0.54,AP2,1819.31,1823.34,-0.22,173.52,147.74,321.25
random,User5,15.00,N/A,6.41,AP0,1819.31,1823.34,-0.22,173.52,147.74,321.25
random,User6,15.00,N/A,10.29,AP0,1819.31,1823.34,-0.22,173.52,147.74,321.25
random,User7,15.00,N/A,0.28,AP0,1819.31,1823.34,-0.22,173.52,147.74,321.25
random,User8,15.00,N/A,7.03,AP1,1819.31,1823.34,-0.22,173.52,147.74,321.25
random,User9,15.00,N/A,4.86,AP0,1819.31,1823.34,-0.22,173.52,147.74,321.25
random,User0,15.00,N/A,10.77,AP1,1832.73,1845.26,-0.68,177.85,146.39,324.24
random,User1,15.00,N/A,8.68,AP3,1832.73,1845.26,-0.68,177.85,146.39,324.24
random,User2,15.00,N/A,5.38,AP0,1832.73,1845.26,-0.68,177.85,146.39,324.24
random,User3,15.00,N/A,8.29,AP0,1832.73,1845.26,-0.68,177.85,146.39,324.24
random,User4,15.00,N/A,8.91,AP3,1832.73,1845.26,-0.68,177.85,146.39,324.24
random,User5,15.00,N/A,4.97,AP0,1832.73,1845.26,-0.68,177.85,146.39,324.24
random,User6,15.00,N/A,5.73,AP2,1832.73,1845.26,-0.68,177.85,146.39,324.24
random,User7,15.00,N/A,14.84,AP1,1832.73,1845.26,-0.68,177.85,146.39,324.24
random,User8,15.00,N/A,12.73,AP0,1832.73,1845.26,-0.68,177.85,146.39,324.24
random,User9,15.00,N/A,0.19,AP3,1832.73,1845.26,-0.68,177.85,146.39,324.24
random,User0,15.00,N/A,2.82,AP2,1847.53,1829.61,0.98,177.07,166.40,343.47
random,User1,15.00,N/A,11.63,AP2,1847.53,1829.61,0.98,177.07,166.40,343.47
random,User2,15.00,N/A,2.04,AP0,1847.53,1829.61,0.98,177.07,166.40,343.47
random,User3,15.00,N/A,9.87,AP3,1847.53,1829.61,0.98,177.07,166.40,343.47
random,User4,15.00,N/A,10.46,AP3,1847.53,1829.61,0.98,177.07,166.40,343.47
random,User5,15.00,N/A,1.10,AP1,1847.53,1829.61,0.98,177.07,166.40,343.47
random,User6,15.00,N/A,9.80,AP0,1847.53,1829.61,0.98,177.07,166.40,343.47
random,User7,15.00,N/A,10.49,AP0,1847.53,1829.61,0.98,177.07,166.40,343.47
random,User8,15.00,N/A,4.95,AP0,1847.53,1829.61,0.98,177.07,166.40,343.47
random,User9,15.00,N/A,1.86,AP3,1847.53,1829.61,0.98,177.07,166.40,343.47
random,User0,15.00,N/A,5.49,AP3,1869.66,1844.21,1.38,167.99,166.29,334.29
random,User1,15.00,N/A,1.78,AP0,1869.66,1844.21,1.38,167.99,166.29,334.29
random,User2,15.00,N/A,6.51,AP3,1869.66,1844.21,1.38,167.99,166.29,334.29
random,User3,15.00,N/A,7.12,AP2,1869.66,1844.21,1.38,167.99,166.29,334.29
random,User4,15.00,N/A,8.31,AP2,1869.66,1844.21,1.38,167.99,166.29,334.29
random,User5,15.00,N/A,3.18,AP2,1869.66,1844.21,1.38,167.99,166.29,334.29
random,User6,15.00,N/A,8.06,AP0,1869.66,1844.21,1.38,167.99,166.29,334.29
random,User7,15.00,N/A,11.57,AP3,1869.66,1844.21,1.38,167.99,166.29,334.29
random,User8,15.00,N/A,10.84,AP2,1869.66,1844.21,1.38,167.99,166.29,334.29
random,User9,15.00,N/A,8.41,AP2,1869.66,1844.21,1.38,167.99,166.29,334.29
random,User0,15.00,N/A,10.37,AP2,1842.54,1836.38,0.34,176.95,150.59,327.54
random,User1,15.00,N/A,12.55,AP0,1842.54,1836.38,0.34,176.95,150.59,327.54
random,User2,15.00,N/A,2.39,AP2,1842.54,1836.38,0.34,176.95,150.59,327.54
random,User3,15.00,N/A,3.19,AP1,1842.54,1836.38,0.34,176.95,150.59,327.54
random,User4,15.00,N/A,3.66,AP1,1842.54,1836.38,0.34,176.95,150.59,327.54
random,User5,15.00,N/A,0.65,AP1,1842.54,1836.38,0.34,176.95,150.59,327.54
random,User6,15.00,N/A,4.47,AP0,1842.54,1836.38,0.34,176.95,150.59,327.54
random,User7,15.00,N/A,8.52,AP0,1842.54,1836.38,0.34,176.95,150.59,327.54
random,User8,15.00,N/A,2.33,AP3,1842.54,1836.38,0.34,176.95,150.59,327.54
random,User9,15.00,N/A,7.48,AP2,1842.54,1836.38,0.34,176.95,150.59,327.54
random,User0,15.00,N/A,14.35,AP1,1810.98,1817.27,-0.35,183.63,149.84,333.47
random,User1,15.00,N/A,9.86,AP0,1810.98,1817.27,-0.35,183.63,149.84,333.47
random,User2,15.00,N/A,2.81,AP0,1810.98,1817.27,-0.35,183.63,149.84,333.47
random,User3,15.00,N/A,9.79,AP2,1810.98,1817.27,-0.35,183.63,149.84,333.47
random,User4,15.00,N/A,0.23,AP0,1810.98,1817.27,-0.35,183.63,149.84,333.47
random,User5,15.00,N/A,13.27,AP3,1810.98,1817.27,-0.35,183.63,149.84,333.47
random,User6,15.00,N/A,14.08,AP0,1810.98,1817.27,-0.35,183.63,149.84,333.47
random,User7,15.00,N/A,2.64,AP2,1810.98,1817.27,-0.35,183.63,149.84,333.47
random,User8,15.00,N/A,7.39,AP1,1810.98,1817.27,-0.35,183.63,149.84,333.47
random,User9,15.00,N/A,7.71,AP2,1810.98,1817.27,-0.35,183.63,149.84,333.47
random,User0,15.00,N/A,1.70,AP1,1807.25,1793.51,0.77,177.33,141.13,318.46
random,User1,15.00,N/A,7.81,AP0,1807.25,1793.51,0.77,177.33,141.13,318.46
random,User2,15.00,N/A,0.47,AP3,1807.25,1793.51,0.77,177.33,141.13,318.46
random,User3,15.00,N/A,2.07,AP2,1807.25,1793.51,0.77,177.33,141.13,318.46
random,User4,15.00,N/A,9.12,AP0,1807.25,1793.51,0.77,177.33,141.13,318.46
random,User5,15.00,N/A,7.47,AP1,1807.25,1793.51,0.77,177.33,141.13,318.46
random,User6,15.00,N/A,1.60,AP0,1807.25,1793.51,0.77,177.33,141.13,318.46
random,User7,15.00,N/A,12.92,AP0,1807.25,1793.51,0.77,177.33,141.13,318.46
random,User8,15.00,N/A,14.00,AP0,1807.25,1793.51,0.77,177.33,141.13,318.46
random,User9,15.00,N/A,10.43,AP1,1807.25,1793.51,0.77,177.33,141.13,318.46
random,User0,15.00,N/A,13.52,AP1,1865.43,1844.52,1.13,167.98,134.21,302.19
random,User1,15.00,N/A,12.53,AP2,1865.43,1844.52,1.13,167.98,134.21,302.19
random,User2,15.00,N/A,1.61,AP1,1865.43,1844.52,1.13,167.98,134.21,302.19
random,User3,15.00,N/A,3.86,AP3,1865.43,1844.52,1.13,167.98,134.21,302.19
random,User4,15.00,N/A,8.35,AP0,1865.43,1844.52,1.13,167.98,134.21,302.19
random,User5,15.00,N/A,11.14,AP1,1865.43,1844.52,1.13,167.98,134.21,302.19
random,User6,15.00,N/A,11.92,AP1,1865.43,1844.52,1.13,167.98,134.21,302.19
random,User7,15.00,N/A,3.00,AP2,1865.43,1844.52,1.13,167.98,134.21,302.19
random,User8,15.00,N/A,3.04,AP2,1865.43,1844.52,1.13,167.98,134.21,302.19
random,User9,15.00,N/A,14.08,AP2,1865.43,1844.52,1.13,167.98,134.21,302.19
random,User0,15.00,N/A,6.47,AP2,1851.38,1855.70,-0.23,174.97,146.33,321.31
random,User1,15.00,N/A,14.18,AP0,1851.38,1855.70,-0.23,174.97,146.33,321.31
random,User2,15.00,N/A,0.98,AP0,1851.38,1855.70,-0.23,174.97,146.33,321.31
random,User3,15.00,N/A,5.04,AP2,1851.38,1855.70,-0.23,174.97,146.33,321.31
random,User4,15.00,N/A,9.14,AP2,1851.38,1855.70,-0.23,174.97,146.33,321.31
random,User5,15.00,N/A,7.57,AP3,1851.38,1855.70,-0.23,174.97,146.33,321.31
random,User6,15.00,N/A,9.67,AP2,1851.38,1855.70,-0.23,174.97,146.33,321.31
random,User7,15.00,N/A,3.22,AP3,1851.38,1855.70,-0.23,174.97,146.33,321.31
random,User8,15.00,N/A,4.53,AP1,1851.38,1855.70,-0.23,174.97,146.33,321.31
random,User9,15.00,N/A,12.47,AP0,1851.38,1855.70,-0.23,174.97,146.33,321.31
random,User0,15.00,N/A,13.47,AP0,1827.44,1819.11,0.46,177.11,136.53,313.65
random,User1,15.00,N/A,10.87,AP3,1827.44,1819.11,0.46,177.11,136.53,313.65
random,User2,15.00,N/A,4.84,AP1,1827.44,1819.11,0.46,177.11,136.53,313.65
random,User3,15.00,N/A,0.21,AP0,1827.44,1819.11,0.46,177.11,136.53,313.65
random,User4,15.00,N/A,5.75,AP0,1827.44,1819.11,0.46,177.11,136.53,313.65
random,User5,15.00,N/A,1.34,AP2,1827.44,1819.11,0.46,177.11,136.53,313.65
random,User6,15.00,N/A,4.54,AP1,1827.44,1819.11,0.46,177.11,136.53,313.65
random,User7,15.00,N/A,0.56,AP0,1827.44,1819.11,0.46,177.11,136.53,313.65
random,User8,15.00,N/A,7.08,AP2,1827.44,1819.11,0.46,177.11,136.53,313.65
random,User9,15.00,N/A,1.96,AP1,1827.44,1819.11,0.46,177.11,136.53,313.65
random,User0,15.00,N/A,14.02,AP0,1826.80,1801.53,1.40,169.77,137.34,307.11
random,User1,15.00,N/A,0.47,AP0,1826.80,1801.53,1.40,169.77,137.34,307.11
random,User2,15.00,N/A,1.63,AP3,1826.80,1801.53,1.40,169.77,137.34,307.11
random,User3,15.00,N/A,0.98,AP1,1826.80,1801.53,1.40,169.77,137.34,307.11
random,User4,15.00,N/A,12.24,AP1,1826.80,1801.53,1.40,169.77,137.34,307.11
random,User5,15.00,N/A,12.91,AP0,1826.80,1801.53,1.40,169.77,137.34,307.11
random,User6,15.00,N/A,13.37,AP0,1826.80,1801.53,1.40,169.77,137.34,307.11
random,User7,15.00,N/A,3.90,AP3,1826.80,1801.53,1.40,169.77,137.34,307.11
random,User8,15.00,N/A,6.48,AP0,1826.80,1801.53,1.40,169.77,137.34,307.11
random,User9,15.00,N/A,9.10,AP0,1826.80,1801.53,1.40,169.77,137.34,307.11
random,User0,15.00,N/A,2.69,AP2,1797.98,1776.01,1.24,165.73,161.06,326.79
random,User1,15.00,N/A,13.88,AP2,1797.98,1776.01,1.24,165.73,161.06,326.79
random,User2,15.00,N/A,13.38,AP1,1797.98,1776.01,1.24,165.73,161.06,326.79
random,User3,15.00,N/A,2.52,AP0,1797.98,1776.01,1.24,165.73,161.06,326.79
random,User4,15.00,N/A,9.50,AP0,1797.98,1776.01,1.24,165.73,161.06,326.79
random,User5,15.00,N/A,8.63,AP0,1797.98,1776.01,1.24,165.73,161.06,326.79
random,User6,15.00,N/A,1.61,AP2,1797.98,1776.01,1.24,165.73,161.06,326.79
random,User7,15.00,N/A,0.59,AP0,1797.98,1776.01,1.24,165.73,161.06,326.79
random,User8,15.00,N/A,13.50,AP0,1797.98,1776.01,1.24,165.73,161.06,326.79
random,User9,15.00,N/A,10.13,AP2,1797.98,1776.01,1.24,165.73,161.06,326.79
random,User0,15.00,N/A,7.16,AP0,1820.34,1828.90,-0.47,167.79,133.32,301.11
random,User1,15.00,N/A,9.11,AP1,1820.34,1828.90,-0.47,167.79,133.32,301.11
random,User2,15.00,N/A,7.63,AP0,1820.34,1828.90,-0.47,167.79,133.32,301.11
random,User3,15.00,N/A,1.12,AP0,1820.34,1828.90,-0.47,167.79,133.32,301.11
random,User4,15.00,N/A,8.26,AP0,1820.34,1828.90,-0.47,167.79,133.32,301.11
random,User5,15.00,N/A,4.19,AP2,1820.34,1828.90,-0.47,167.79,133.32,301.11
random,User6,15.00,N/A,7.82,AP3,1820.34,1828.90,-0.47,167.79,133.32,301.11
random,User7,15.00,N/A,2.95,AP3,1820.34,1828.90,-0.47,167.79,133.32,301.11
random,User8,15.00,N/A,0.07,AP0,1820.34,1828.90,-0.47,167.79,133.32,301.11
random,User9,15.00,N/A,12.81,AP0,1820.34,1828.90,-0.47,167.79,133.32,301.11
random,User0,15.00,N/A,9.91,AP0,1838.16,1834.65,0.19,174.68,149.31,323.99
random,User1,15.00,N/A,8.01,AP2,1838.16,1834.65,0.19,174.68,149.31,323.99
random,User2,15.00,N/A,8.64,AP1,1838.16,1834.65,0.19,174.68,149.31,323.99
random,User3,15.00,N/A,8.58,AP0,1838.16,1834.65,0.19,174.68,149.31,323.99
random,User4,15.00,N/A,0.67,AP3,1838.16,1834.65,0.19,174.68,149.31,323.99
random,User5,15.00,N/A,3.91,AP0,1838.16,1834.65,0.19,174.68,149.31,323.99
random,User6,15.00,N/A,1.41,AP2,1838.16,1834.65,0.19,174.68,149.31,323.99
random,User7,15.00,N/A,4.43,AP2,1838.16,1834.65,0.19,174.68,149.31,323.99
random,User8,15.00,N/A,6.49,AP0,1838.16,1834.65,0.19,174.68,149.31,323.99
random,User9,15.00,N/A,2.05,AP0,1838.16,1834.65,0.19,174.68,149.31,323.99
random,User0,15.00,N/A,2.63,AP0,1869.96,1861.68,0.44,167.04,148.88,315.91
random,User1,15.00,N/A,5.86,AP0,1869.96,1861.68,0.44,167.04,148.88,315.91
random,User2,15.00,N/A,12.31,AP1,1869.96,1861.68,0.44,167.04,148.88,315.91
random,User3,15.00,N/A,8.56,AP3,1869.96,1861.68,0.44,167.04,148.88,315.91
random,User4,15.00,N/A,8.37,AP3,1869.96,1861.68,0.44,167.04,148.88,315.91
random,User5,15.00,N/A,8.97,AP3,1869.96,1861.68,0.44,167.04,148.88,315.91
random,User6,15.00,N/A,5.30,AP2,1869.96,1861.68,0.44,167.04,148.88,315.91
random,User7,15.00,N/A,4.77,AP2,1869.96,1861.68,0.44,167.04,148.88,315.91
random,User8,15.00,N/A,2.10,AP1,1869.96,1861.68,0.44,167.04,148.88,315.91
random,User9,15.00,N/A,5.14,AP3,1869.96,1861.68,0.44,167.04,148.88,315.91
random,User0,15.00,N/A,1.10,AP2,1868.83,1846.10,1.23,173.64,136.99,310.63
random,User1,15.00,N/A,8.73,AP2,1868.83,1846.10,1.23,173.64,136.99,310.63
random,User2,15.00,N/A,5.01,AP1,1868.83,1846.10,1.23,173.64,136.99,310.63
random,User3,15.00,N/A,9.61,AP3,1868.83,1846.10,1.23,173.64,136.99,310.63
random,User4,15.00,N/A,14.12,AP3,1868.83,1846.10,1.23,173.64,136.99,310.63
random,User5,15.00,N/A,10.25,AP0,1868.83,1846.10,1.23,173.64,136.99,310.63
random,User6,15.00,N/A,0.75,AP1,1868.83,1846.10,1.23,173.64,136.99,310.63
random,User7,15.00,N/A,1.33,AP1,1868.83,1846.10,1.23,173.64,136.99,310.63
random,User8,15.00,N/A,11.31,AP0,1868.83,1846.10,1.23,173.64,136.99,310.63
random,User9,15.00,N/A,13.19,AP1,1868.83,1846.10,1.23,173.64,136.99,310.63
random,User0,15.00,N/A,13.32,AP3,1827.36,1818.65,0.48,186.00,149.83,335.82
random,User1,15.00,N/A,6.60,AP3,1827.36,1818.65,0.48,186.00,149.83,335.82
random,User2,15.00,N/A,9.67,AP1,1827.36,1818.65,0.48,186.00,149.83,335.82
random,User3,15.00,N/A,9.75,AP1,1827.36,1818.65,0.48,186.00,149.83,335.82
random,User4,15.00,N/A,4.63,AP1,1827.36,1818.65,0.48,186.00,149.83,335.82
random,User5,15.00,N/A,14.35,AP1,1827.36,1818.65,0.48,186.00,149.83,335.82
random,User6,15.00,N/A,1.93,AP0,1827.36,1818.65,0.48,186.00,149.83,335.82
random,User7,15.00,N/A,9.76,AP2,1827.36,1818.65,0.48,186.00,149.83,335.82
random,User8,15.00,N/A,12.92,AP0,1827.36,1818.65,0.48,186.00,149.83,335.82
random,User9,15.00,N/A,3.32,AP0,1827.36,1818.65,0.48,186.00,149.83,335.82
random,User0,15.00,N/A,1.67,AP1,1852.65,1839.78,0.70,183.95,155.10,339.04
random,User1,15.00,N/A,7.07,AP2,1852.65,1839.78,0.70,183.95,155.10,339.04
random,User2,15.00,N/A,3.35,AP2,1852.65,1839.78,0.70,183.95,155.10,339.04
random,User3,15.00,N/A,7.30,AP0,1852.65,1839.78,0.70,183.95,155.10,339.04
random,User4,15.00,N/A,9.18,AP0,1852.65,1839.78,0.70,183.95,155.10,339.04
random,User5,15.00,N/A,6.00,AP0,1852.65,1839.78,0.70,183.95,155.10,339.04
random,User6,15.00,N/A,9.45,AP3,1852.65,1839.78,0.70,183.95,155.10,339.04
random,User7,15.00,N/A,1.69,AP2,1852.65,1839.78,0.70,183.95,155.10,339.04
random,User8,15.00,N/A,12.39,AP3,1852.65,1839.78,0.70,183.95,155.10,339.04
random,User9,15.00,N/A,1.20,AP0,1852.65,1839.78,0.70,183.95,155.10,339.04
random,User0,15.00,N/A,7.13,AP1,1861.28,1820.65,2.23,169.80,146.93,316.73
random,User1,15.00,N/A,8.74,AP2,1861.28,1820.65,2.23,169.80,146.93,316.73
random,User2,15.00,N/A,13.47,AP0,1861.28,1820.65,2.23,169.80,146.93,316.73
random,User3,15.00,N/A,9.43,AP0,1861.28,1820.65,2.23,169.80,146.93,316.73
random,User4,15.00,N/A,13.77,AP3,1861.28,1820.65,2.23,169.80,146.93,316.73
random,User5,15.00,N/A,14.04,AP3,1861.28,1820.65,2.23,169.80,146.93,316.73
random,User6,15.00,N/A,9.93,AP1,1861.28,1820.65,2.23,169.80,146.93,316.73
random,User7,15.00,N/A,3.74,AP3,1861.28,1820.65,2.23,169.80,146.93,316.73
random,User8,15.00,N/A,10.99,AP3,1861.28,1820.65,2.23,169.80,146.93,316.73
random,User9,15.00,N/A,2.36,AP0,1861.28,1820.65,2.23,169.80,146.93,316.73
random,User0,15.00,N/A,9.91,AP2,1848.01,1819.83,1.55,181.28,135.97,317.25
random,User1,15.00,N/A,11.01,AP0,1848.01,1819.83,1.55,181.28,135.97,317.25
random,User2,15.00,N/A,0.84,AP1,1848.01,1819.83,1.55,181.28,135.97,317.25
random,User3,15.00,N/A,13.08,AP3,1848.01,1819.83,1.55,181.28,135.97,317.25
random,User4,15.00,N/A,11.09,AP3,1848.01,1819.83,1.55,181.28,135.97,317.25
random,User5,15.00,N/A,5.69,AP1,1848.01,1819.83,1.55,181.28,135.97,317.25
random,User6,15.00,N/A,11.58,AP3,1848.01,1819.83,1.55,181.28,135.97,317.25
random,User7,15.00,N/A,3.46,AP1,1848.01,1819.83,1.55,181.28,135.97,317.25
random,User8,15.00,N/A,12.14,AP0,1848.01,1819.83,1.55,181.28,135.97,317.25
random,User9,15.00,N/A,8.31,AP1,1848.01,1819.83,1.55,181.28,135.97,317.25
random,User0,15.00,N/A,12.79,AP0,1841.52,1851.68,-0.55,184.06,147.26,331.32
random,User1,15.00,N/A,2.23,AP1,1841.52,1851.68,-0.55,184.06,147.26,331.32
random,User2,15.00,N/A,13.95,AP0,1841.52,1851.68,-0.55,184.06,147.26,331.32
random,User3,15.00,N/A,8.27,AP3,1841.52,1851.68,-0.55,184.06,147.26,331.32
random,User4,15.00,N/A,13.02,AP0,1841.52,1851.68,-0.55,184.06,147.26,331.32
random,User5,15.00,N/A,2.13,AP1,1841.52,1851.68,-0.55,184.06,147.26,331.32
random,User6,15.00,N/A,14.10,AP2,1841.52,1851.68,-0.55,184.06,147.26,331.32
random,User7,15.00,N/A,3.58,AP1,1841.52,1851.68,-0.55,184.06,147.26,331.32
random,User8,15.00,N/A,5.29,AP3,1841.52,1851.68,-0.55,184.06,147.26,331.32
random,User9,15.00,N/A,7.10,AP2,1841.52,1851.68,-0.55,184.06,147.26,331.32
random,User0,15.00,N/A,7.43,AP1,1859.22,1839.45,1.07,178.61,141.78,320.39
random,User1,15.00,N/A,7.91,AP1,1859.22,1839.45,1.07,178.61,141.78,320.39
random,User2,15.00,N/A,3.09,AP0,1859.22,1839.45,1.07,178.61,141.78,320.39
random,User3,15.00,N/A,10.93,AP1,1859.22,1839.45,1.07,178.61,141.78,320.39
random,User4,15.00,N/A,5.07,AP2,1859.22,1839.45,1.07,178.61,141.78,320.39
random,User5,15.00,N/A,0.62,AP3,1859.22,1839.45,1.07,178.61,141.78,320.39
random,User6,15.00,N/A,5.27,AP3,1859.22,1839.45,1.07,178.61,141.78,320.39
random,User7,15.00,N/A,12.42,AP0,1859.22,1839.45,1.07,178.61,141.78,320.39
random,User8,15.00,N/A,1.79,AP0,1859.22,1839.45,1.07,178.61,141.78,320.39
random,User9,15.00,N/A,7.46,AP3,1859.22,1839.45,1.07,178.61,141.78,320.39
random,User0,15.00,N/A,1.90,AP0,1807.81,1810.46,-0.15,166.86,165.87,332.73
random,User1,15.00,N/A,1.91,AP2,1807.81,1810.46,-0.15,166.86,165.87,332.73
random,User2,15.00,N/A,2.58,AP3,1807.81,1810.46,-0.15,166.86,165.87,332.73
random,User3,15.00,N/A,5.01,AP0,1807.81,1810.46,-0.15,166.86,165.87,332.73
random,User4,15.00,N/A,14.76,AP3,1807.81,1810.46,-0.15,166.86,165.87,332.73
random,User5,15.00,N/A,3.91,AP2,1807.81,1810.46,-0.15,166.86,165.87,332.73
random,User6,15.00,N/A,8.06,AP0,1807.81,1810.46,-0.15,166.86,165.87,332.73
random,User7,15.00,N/A,3.44,AP1,1807.81,1810.46,-0.15,166.86,165.87,332.73
random,User8,15.00,N/A,14.63,AP0,1807.81,1810.46,-0.15,166.86,165.87,332.73
random,User9,15.00,N/A,13.34,AP0,1807.81,1810.46,-0.15,166.86,165.87,332.73
random,User0,15.00,N/A,8.30,AP0,1821.79,1839.36,-0.96,182.21,139.58,321.78
random,User1,15.00,N/A,0.86,AP3,1821.79,1839.36,-0.96,182.21,139.58,321.78
random,User2,15.00,N/A,14.99,AP1,1821.79,1839.36,-0.96,182.21,139.58,321.78
random,User3,15.00,N/A,1.90,AP0,1821.79,1839.36,-0.96,182.21,139.58,321.78
random,User4,15.00,N/A,13.78,AP1,1821.79,1839.36,-0.96,182.21,139.58,321.78
random,User5,15.00,N/A,8.61,AP0,1821.79,1839.36,-0.96,182.21,139.58,321.78
random,User6,15.00,N/A,3.54,AP2,1821.79,1839.36,-0.96,182.21,139.58,321.78
random,User7,15.00,N/A,12.19,AP3,1821.79,1839.36,-0.96,182.21,139.58,321.78
random,User8,15.00,N/A,11.39,AP2,1821.79,1839.36,-0.96,182.21,139.58,321.78
random,User9,15.00,N/A,13.00,AP0,1821.79,1839.36,-0.96,182.21,139.58,321.78
random,User0,15.00,N/A,7.88,AP0,1831.67,1821.34,0.57,186.40,152.76,339.16
random,User1,15.00,N/A,7.46,AP0,1831.67,1821.34,0.57,186.40,152.76,339.16
random,User2,15.00,N/A,5.42,AP2,1831.67,1821.34,0.57,186.40,152.76,339.16
random,User3,15.00,N/A,8.80,AP3,1831.67,1821.34,0.57,186.40,152.76,339.16
random,User4,15.00,N/A,14.37,AP3,1831.67,1821.34,0.57,186.40,152.76,339.16
random,User5,15.00,N/A,1.80,AP1,1831.67,1821.34,0.57,186.40,152.76,339.16
random,User6,15.00,N/A,5.25,AP0,1831.67,1821.34,0.57,186.40,152.76,339.16
random,User7,15.00,N/A,11.80,AP3,1831.67,1821.34,0.57,186.40,152.76,339.16
random,User8,15.00,N/A,9.44,AP0,1831.67,1821.34,0.57,186.40,152.76,339.16
random,User9,15.00,N/A,6.74,AP3,1831.67,1821.34,0.57,186.40,152.76,339.16
random,User0,15.00,N/A,10.93,AP0,1845.63,1832.05,0.74,174.68,151.80,326.47
random,User1,15.00,N/A,1.45,AP2,1845.63,1832.05,0.74,174.68,151.80,326.47
random,User2,15.00,N/A,4.23,AP3,1845.63,1832.05,0.74,174.68,151.80,326.47
random,User3,15.00,N/A,13.18,AP0,1845.63,1832.05,0.74,174.68,151.80,326.47
random,User4,15.00,N/A,0.28,AP2,1845.63,1832.05,0.74,174.68,151.80,326.47
random,User5,15.00,N/A,5.88,AP1,1845.63,1832.05,0.74,174.68,151.80,326.47
random,User6,15.00,N/A,13.40,AP3,1845.63,1832.05,0.74,174.68,151.80,326.47
random,User7,15.00,N/A,13.24,AP2,1845.63,1832.05,0.74,174.68,151.80,326.47
random,User8,15.00,N/A,4.46,AP1,1845.63,1832.05,0.74,174.68,151.80,326.47
random,User9,15.00,N/A,5.32,AP0,1845.63,1832.05,0.74,174.68,151.80,326.47
random,User0,15.00,N/A,5.92,AP3,1882.50,1879.80,0.14,175.37,144.81,320.18
random,User1,15.00,N/A,0.57,AP0,1882.50,1879.80,0.14,175.37,144.81,320.18
random,User2,15.00,N/A,7.27,AP2,1882.50,1879.80,0.14,175.37,144.81,320.18
random,User3,15.00,N/A,2.85,AP1,1882.50,1879.80,0.14,175.37,144.81,320.18
random,User4,15.00,N/A,2.03,AP2,1882.50,1879.80,0.14,175.37,144.81,320.18
random,User5,15.00,N/A,6.46,AP2,1882.50,1879.80,0.14,175.37,144.81,320.18
random,User6,15.00,N/A,7.59,AP1,1882.50,1879.80,0.14,175.37,144.81,320.18
random,User7,15.00,N/A,1.95,AP3,1882.50,1879.80,0.14,175.37,144.81,320.18
random,User8,15.00,N/A,3.51,AP3,1882.50,1879.80,0.14,175.37,144.81,320.18
random,User9,15.00,N/A,1.40,AP1,1882.50,1879.80,0.14,175.37,144.81,320.18
random,User0,15.00,N/A,14.67,AP1,1816.88,1804.33,0.70,179.82,138.94,318.76
random,User1,15.00,N/A,13.52,AP1,1816.88,1804.33,0.70,179.82,138.94,318.76
random,User2,15.00,N/A,7.02,AP1,1816.88,1804.33,0.70,179.82,138.94,318.76
random,User3,15.00,N/A,6.68,AP2,1816.88,1804.33,0.70,179.82,138.94,318.76
random,User4,15.00,N/A,8.27,AP3,1816.88,1804.33,0.70,179.82,138.94,318.76
random,User5,15.00,N/A,3.15,AP1,1816.88,1804.33,0.70,179.82,138.94,318.76
random,User6,15.00,N/A,7.94,AP0,1816.88,1804.33,0.70,179.82,138.94,318.76
random,User7,15.00,N/A,1.43,AP0,1816.88,1804.33,0.70,179.82,138.94,318.76
random,User8,15.00,N/A,11.19,AP0,1816.88,1804.33,0.70,179.82,138.94,318.76
random,User9,15.00,N/A,0.94,AP0,1816.88,1804.33,0.70,179.82,138.94,318.76
random,User0,15.00,N/A,2.29,AP2,1858.30,1819.80,2.12,161.37,138.05,299.42
random,User1,15.00,N/A,9.78,AP2,1858.30,1819.80,2.12,161.37,138.05,299.42
random,User2,15.00,N/A,0.39,AP1,1858.30,1819.80,2.12,161.37,138.05,299.42
random,User3,15.00,N/A,3.63,AP3,1858.30,1819.80,2.12,161.37,138.05,299.42
random,User4,15.00,N/A,4.51,AP1,1858.30,1819.80,2.12,161.37,138.05,299.42
random,User5,15.00,N/A,12.80,AP2,1858.30,1819.80,2.12,161.37,138.05,299.42
random,User6,15.00,N/A,9.38,AP0,1858.30,1819.80,2.12,161.37,138.05,299.42
random,User7,15.00,N/A,1.31,AP3,1858.30,1819.80,2.12,161.37,138.05,299.42
random,User8,15.00,N/A,6.51,AP0,1858.30,1819.80,2.12,161.37,138.05,299.42
random,User9,15.00,N/A,11.42,AP3,1858.30,1819.80,2.12,161.37,138.05,299.42
random,User0,15.00,N/A,14.45,AP0,1857.85,1829.97,1.52,178.59,150.83,329.41
random,User1,15.00,N/A,4.56,AP3,1857.85,1829.97,1.52,178.59,150.83,329.41
random,User2,15.00,N/A,3.18,AP1,1857.85,1829.97,1.52,178.59,150.83,329.41
random,User3,15.00,N/A,14.81,AP2,1857.85,1829.97,1.52,178.59,150.83,329.41
random,User4,15.00,N/A,6.46,AP3,1857.85,1829.97,1.52,178.59,150.83,329.41
random,User5,15.00,N/A,5.43,AP3,1857.85,1829.97,1.52,178.59,150.83,329.41
random,User6,15.00,N/A,2.45,AP2,1857.85,1829.97,1.52,178.59,150.83,329.41
random,User7,15.00,N/A,7.56,AP2,1857.85,1829.97,1.52,178.59,150.83,329.41
random,User8,15.00,N/A,14.54,AP0,1857.85,1829.97,1.52,178.59,150.83,329.41
random,User9,15.00,N/A,9.33,AP0,1857.85,1829.97,1.52,178.59,150.83,329.41
random,User0,15.00,N/A,10.61,AP1,1825.78,1802.81,1.27,182.31,141.89,324.21
random,User1,15.00,N/A,11.17,AP1,1825.78,1802.81,1.27,182.31,141.89,324.21
random,User2,15.00,N/A,6.17,AP2,1825.78,1802.81,1.27,182.31,141.89,324.21
random,User3,15.00,N/A,0.96,AP1,1825.78,1802.81,1.27,182.31,141.89,324.21
random,User4,15.00,N/A,3.02,AP0,1825.78,1802.81,1.27,182.31,141.89,324.21
random,User5,15.00,N/A,3.30,AP3,1825.78,1802.81,1.27,182.31,141.89,324.21
random,User6,15.00,N/A,15.00,AP2,1825.78,1802.81,1.27,182.31,141.89,324.21
random,User7,15.00,N/A,2.90,AP2,1825.78,1802.81,1.27,182.31,141.89,324.21
random,User8,15.00,N/A,10.26,AP0,1825.78,1802.81,1.27,182.31,141.89,324.21
random,User9,15.00,N/A,9.51,AP1,1825.78,1802.81,1.27,182.31,141.89,324.21
random,User0,15.00,N/A,2.67,AP0,1816.66,1825.68,-0.49,178.51,150.34,328.85
random,User1,15.00,N/A,12.80,AP1,1816.66,1825.68,-0.49,178.51,150.34,328.85
random,User2,15.00,N/A,11.65,AP0,1816.66,1825.68,-0.49,178.51,150.34,328.85
random,User3,15.00,N/A,12.43,AP0,1816.66,1825.68,-0.49,178.51,150.34,328.85
random,User4,15.00,N/A,12.07,AP1,1816.66,1825.68,-0.49,178.51,150.34,328.85
random,User5,15.00,N/A,10.68,AP0,1816.66,1825.68,-0.49,178.51,150.34,328.85
random,User6,15.00,N/A,5.00,AP3,1816.66,1825.68,-0.49,178.51,150.34,328.85
random,User7,15.00,N/A,2.87,AP3,1816.66,1825.68,-0.49,178.51,150.34,328.85
random,User8,15.00,N/A,2.24,AP2,1816.66,1825.68,-0.49,178.51,150.34,328.85
random,User9,15.00,N/A,3.70,AP1,1816.66,1825.68,-0.49,178.51,150.34,328.85
random,User0,15.00,N/A,12.52,AP0,1815.35,1795.04,1.13,180.80,146.37,327.17
random,User1,15.00,N/A,1.39,AP0,1815.35,1795.04,1.13,180.80,146.37,327.17
random,User2,15.00,N/A,5.13,AP0,1815.35,1795.04,1.13,180.80,146.37,327.17
random,User3,15.00,N/A,8.71,AP1,1815.35,1795.04,1.13,180.80,146.37,327.17
random,User4,15.00,N/A,8.53,AP2,1815.35,1795.04,1.13,180.80,146.37,327.17
random,User5,15.00,N/A,9.93,AP0,1815.35,1795.04,1.13,180.80,146.37,327.17
random,User6,15.00,N/A,13.39,AP3,1815.35,1795.04,1.13,180.80,146.37,327.17
random,User7,15.00,N/A,11.26,AP0,1815.35,1795.04,1.13,180.80,146.37,327.17
random,User8,15.00,N/A,14.03,AP0,1815.35,1795.04,1.13,180.80,146.37,327.17
random,User9,15.00,N/A,13.86,AP3,1815.35,1795.04,1.13,180.80,146.37,327.17
random,User0,15.00,N/A,11.77,AP0,1858.12,1836.89,1.16,179.66,141.74,321.40
random,User1,15.00,N/A,6.21,AP3,1858.12,1836.89,1.16,179.66,141.74,321.40
random,User2,15.00,N/A,7.84,AP0,1858.12,1836.89,1.16,179.66,141.74,321.40
random,User3,15.00,N/A,11.03,AP3,1858.12,1836.89,1.16,179.66,141.74,321.40
random,User4,15.00,N/A,8.39,AP2,1858.12,1836.89,1.16,179.66,141.74,321.40
random,User5,15.00,N/A,2.30,AP3,1858.12,1836.89,1.16,179.66,141.74,321.40
random,User6,15.00,N/A,6.12,AP2,1858.12,1836.89,1.16,179.66,141.74,321.40
random,User7,15.00,N/A,12.87,AP0,1858.12,1836.89,1.16,179.66,141.74,321.40
random,User8,15.00,N/A,14.29,AP1,1858.12,1836.89,1.16,179.66,141.74,321.40
random,User9,15.00,N/A,8.03,AP0,1858.12,1836.89,1.16,179.66,141.74,321.40
random,User0,15.00,N/A,9.91,AP3,1832.10,1846.07,-0.76,175.01,136.63,311.64
random,User1,15.00,N/A,14.85,AP0,1832.10,1846.07,-0.76,175.01,136.63,311.64
random,User2,15.00,N/A,11.58,AP2,1832.10,1846.07,-0.76,175.01,136.63,311.64
random,User3,15.00,N/A,3.15,AP1,1832.10,1846.07,-0.76,175.01,136.63,311.64
random,User4,15.00,N/A,13.04,AP0,1832.10,1846.07,-0.76,175.01,136.63,311.64
random,User5,15.00,N/A,5.64,AP1,1832.10,1846.07,-0.76,175.01,136.63,311.64
random,User6,15.00,N/A,10.31,AP1,1832.10,1846.07,-0.76,175.01,136.63,311.64
random,User7,15.00,N/A,3.09,AP3,1832.10,1846.07,-0.76,175.01,136.63,311.64
random,User8,15.00,N/A,4.76,AP3,1832.10,1846.07,-0.76,175.01,136.63,311.64
random,User9,15.00,N/A,6.56,AP0,1832.10,1846.07,-0.76,175.01,136.63,311.64
random,User0,15.00,N/A,10.38,AP0,1887.72,1893.74,-0.32,172.86,150.43,323.28
random,User1,15.00,N/A,5.83,AP2,1887.72,1893.74,-0.32,172.86,150.43,323.28
random,User2,15.00,N/A,2.91,AP3,1887.72,1893.74,-0.32,172.86,150.43,323.28
random,User3,15.00,N/A,8.53,AP3,1887.72,1893.74,-0.32,172.86,150.43,323.28
random,User4,15.00,N/A,7.77,AP1,1887.72,1893.74,-0.32,172.86,150.43,323.28
random,User5,15.00,N/A,6.21,AP1,1887.72,1893.74,-0.32,172.86,150.43,323.28
random,User6,15.00,N/A,10.61,AP2,1887.72,1893.74,-0.32,172.86,150.43,323.28
random,User7,15.00,N/A,2.90,AP3,1887.72,1893.74,-0.32,172.86,150.43,323.28
random,User8,15.00,N/A,0.98,AP2,1887.72,1893.74,-0.32,172.86,150.43,323.28
random,User9,15.00,N/A,3.99,AP1,1887.72,1893.74,-0.32,172.86,150.43,323.28
random,User0,15.00,N/A,0.14,AP1,1815.55,1808.33,0.40,174.73,140.98,315.71
random,User1,15.00,N/A,7.35,AP2,1815.55,1808.33,0.40,174.73,140.98,315.71
random,User2,15.00,N/A,1.14,AP2,1815.55,1808.33,0.40,174.73,140.98,315.71
random,User3,15.00,N/A,10.46,AP2,1815.55,1808.33,0.40,174.73,140.98,315.71
random,User4,15.00,N/A,11.46,AP1,1815.55,1808.33,0.40,174.73,140.98,315.71
random,User5,15.00,N/A,2.86,AP0,1815.55,1808.33,0.40,174.73,140.98,315.71
random,User6,15.00,N/A,8.77,AP1,1815.55,1808.33,0.40,174.73,140.98,315.71
random,User7,15.00,N/A,2.64,AP1,1815.55,1808.33,0.40,174.73,140.98,315.71
random,User8,15.00,N/A,12.90,AP0,1815.55,1808.33,0.40,174.73,140.98,315.71
random,User9,15.00,N/A,4.11,AP1,1815.55,1808.33,0.40,174.73,140.98,315.71
random,User0,15.00,N/A,2.81,AP2,1807.39,1785.75,1.21,169.58,139.67,309.25
random,User1,15.00,N/A,13.82,AP0,1807.39,1785.75,1.21,169.58,139.67,309.25
random,User2,15.00,N/A,13.37,AP1,1807.39,1785.75,1.21,169.58,139.67,309.25
random,User3,15.00,N/A,2.08,AP2,1807.39,1785.75,1.21,169.58,139.67,309.25
random,User4,15.00,N/A,2.49,AP0,1807.39,1785.75,1.21,169.58,139.67,309.25
random,User5,15.00,N/A,11.36,AP1,1807.39,1785.75,1.21,169.58,139.67,309.25
random,User6,15.00,N/A,0.94,AP0,1807.39,1785.75,1.21,169.58,139.67,309.25
random,User7,15.00,N/A,13.26,AP0,1807.39,1785.75,1.21,169.58,139.67,309.25
random,User8,15.00,N/A,14.68,AP2,1807.39,1785.75,1.21,169.58,139.67,309.25
random,User9,15.00,N/A,8.10,AP0,1807.39,1785.75,1.21,169.58,139.67,309.25
random,User0,15.00,N/A,13.87,AP2,1818.74,1811.04,0.43,169.64,149.36,319.00
random,User1,15.00,N/A,12.24,AP1,1818.74,1811.04,0.43,169.64,149.36,319.00
random,User2,15.00,N/A,6.42,AP2,1818.74,1811.04,0.43,169.64,149.36,319.00
random,User3,15.00,N/A,6.53,AP0,1818.74,1811.04,0.43,169.64,149.36,319.00
random,User4,15.00,N/A,12.78,AP3,1818.74,1811.04,0.43,169.64,149.36,319.00
random,User5,15.00,N/A,0.75,AP2,1818.74,1811.04,0.43,169.64,149.36,319.00
random,User6,15.00,N/A,10.05,AP0,1818.74,1811.04,0.43,169.64,149.36,319.00
random,User7,15.00,N/A,7.23,AP0,1818.74,1811.04,0.43,169.64,149.36,319.00
random,User8,15.00,N/A,9.03,AP0,1818.74,1811.04,0.43,169.64,149.36,319.00
random,User9,15.00,N/A,13.77,AP1,1818.74,1811.04,0.43,169.64,149.36,319.00
random,User0,15.00,N/A,2.14,AP0,1839.80,1836.52,0.18,175.26,139.42,314.68
random,User1,15.00,N/A,14.24,AP2,1839.80,1836.52,0.18,175.26,139.42,314.68
random,User2,15.00,N/A,13.70,AP1,1839.80,1836.52,0.18,175.26,139.42,314.68
random,User3,15.00,N/A,0.13,AP0,1839.80,1836.52,0.18,175.26,139.42,314.68
random,User4,15.00,N/A,12.00,AP1,1839.80,1836.52,0.18,175.26,139.42,314.68
random,User5,15.00,N/A,0.19,AP1,1839.80,1836.52,0.18,175.26,139.42,314.68
random,User6,15.00,N/A,6.73,AP2,1839.80,1836.52,0.18,175.26,139.42,314.68
random,User7,15.00,N/A,3.82,AP0,1839.80,1836.52,0.18,175.26,139.42,314.68
random,User8,15.00,N/A,9.02,AP2,1839.80,1836.52,0.18,175.26,139.42,314.68
random,User9,15.00,N/A,1.97,AP3,1839.80,1836.52,0.18,175.26,139.42,314.68
random,User0,15.00,N/A,8.51,AP3,1854.82,1835.64,1.05,168.48,137.71,306.19
random,User1,15.00,N/A,7.76,AP2,1854.82,1835.64,1.05,168.48,137.71,306.19
random,User2,15.00,N/A,8.31,AP0,1854.82,1835.64,1.05,168.48,137.71,306.19
random,User3,15.00,N/A,9.13,AP0,1854.82,1835.64,1.05,168.48,137.71,306.19
random,User4,15.00,N/A,6.07,AP3,1854.82,1835.64,1.05,168.48,137.71,306.19
random,User5,15.00,N/A,4.00,AP0,1854.82,1835.64,1.05,168.48,137.71,306.19
random,User6,15.00,N/A,2.04,AP1,1854.82,1835.64,1.05,168.48,137.71,306.19
random,User7,15.00,N/A,14.05,AP0,1854.82,1835.64,1.05,168.48,137.71,306.19
random,User8,15.00,N/A,10.70,AP3,1854.82,1835.64,1.05,168.48,137.71,306.19
random,User9,15.00,N/A,11.12,AP2,1854.82,1835.64,1.05,168.48,137.71,306.19
random,User0,15.00,N/A,5.47,AP1,1772.99,1762.68,0.58,171.94,158.92,330.86
random,User1,15.00,N/A,6.06,AP0,1772.99,1762.68,0.58,171.94,158.92,330.86
random,User2,15.00,N/A,10.26,AP0,1772.99,1762.68,0.58,171.94,158.92,330.86
random,User3,15.00,N/A,5.15,AP0,1772.99,1762.68,0.58,171.94,158.92,330.86
random,User4,15.00,N/A,2.58,AP0,1772.99,1762.68,0.58,171.94,158.92,330.86
random,User5,15.00,N/A,5.06,AP1,1772.99,1762.68,0.58,171.94,158.92,330.86
random,User6,15.00,N/A,6.10,AP0,1772.99,1762.68,0.58,171.94,158.92,330.86
random,User7,15.00,N/A,8.26,AP0,1772.99,1762.68,0.58,171.94,158.92,330.86
random,User8,15.00,N/A,13.91,AP1,1772.99,1762.68,0.58,171.94,158.92,330.86
random,User9,15.00,N/A,3.15,AP3,1772.99,1762.68,0.58,171.94,158.92,330.86
random,User0,15.00,N/A,4.26,AP0,1863.86,1845.67,0.99,166.40,148.03,314.43
random,User1,15.00,N/A,12.54,AP3,1863.86,1845.67,0.99,166.40,148.03,314.43
random,User2,15.00,N/A,13.99,AP0,1863.86,1845.67,0.99,166.40,148.03,314.43
random,User3,15.00,N/A,7.42,AP1,1863.86,1845.67,0.99,166.40,148.03,314.43
random,User4,15.00,N/A,3.02,AP1,1863.86,1845.67,0.99,166.40,148.03,314.43
random,User5,15.00,N/A,5.32,AP3,1863.86,1845.67,0.99,166.40,148.03,314.43
random,User6,15.00,N/A,0.41,AP3,1863.86,1845.67,0.99,166.40,148.03,314.43
random,User7,15.00,N/A,6.81,AP2,1863.86,1845.67,0.99,166.40,148.03,314.43
random,User8,15.00,N/A,6.24,AP3,1863.86,1845.67,0.99,166.40,148.03,314.43
random,User9,15.00,N/A,5.00,AP1,1863.86,1845.67,0.99,166.40,148.03,314.43
random,User0,15.00,N/A,11.60,AP3,1826.64,1830.25,-0.20,178.60,145.76,324.36
random,User1,15.00,N/A,11.55,AP1,1826.64,1830.25,-0.20,178.60,145.76,324.36
random,User2,15.00,N/A,3.11,AP0,1826.64,1830.25,-0.20,178.60,145.76,324.36
random,User3,15.00,N/A,7.39,AP0,1826.64,1830.25,-0.20,178.60,145.76,324.36
random,User4,15.00,N/A,3.66,AP0,1826.64,1830.25,-0.20,178.60,145.76,324.36
random,User5,15.00,N/A,5.30,AP3,1826.64,1830.25,-0.20,178.60,145.76,324.36
random,User6,15.00,N/A,0.95,AP0,1826.64,1830.25,-0.20,178.60,145.76,324.36
random,User7,15.00,N/A,7.30,AP1,1826.64,1830.25,-0.20,178.60,145.76,324.36
random,User8,15.00,N/A,10.33,AP0,1826.64,1830.25,-0.20,178.60,145.76,324.36
random,User9,15.00,N/A,0.50,AP2,1826.64,1830.25,-0.20,178.60,145.76,324.36
random,User0,15.00,N/A,7.01,AP2,1851.77,1839.73,0.65,183.43,142.83,326.27
random,User1,15.00,N/A,12.79,AP2,1851.77,1839.73,0.65,183.43,142.83,326.27
random,User2,15.00,N/A,5.88,AP3,1851.77,1839.73,0.65,183.43,142.83,326.27
random,User3,15.00,N/A,8.50,AP2,1851.77,1839.73,0.65,183.43,142.83,326.27
random,User4,15.00,N/A,0.62,AP2,1851.77,1839.73,0.65,183.43,142.83,326.27
random,User5,15.00,N/A,6.58,AP0,1851.77,1839.73,0.65,183.43,142.83,326.27
random,User6,15.00,N/A,7.06,AP2,1851.77,1839.73,0.65,183.43,142.83,326.27
random,User7,15.00,N/A,6.59,AP0,1851.77,1839.73,0.65,183.43,142.83,326.27
random,User8,15.00,N/A,9.69,AP0,1851.77,1839.73,0.65,183.43,142.83,326.27
random,User9,15.00,N/A,0.33,AP1,1851.77,1839.73,0.65,183.43,142.83,326.27
random,User0,15.00,N/A,10.44,AP3,1838.87,1820.57,1.00,172.42,149.61,322.03
random,User1,15.00,N/A,7.22,AP2,1838.87,1820.57,1.00,172.42,149.61,322.03
random,User2,15.00,N/A,5.61,AP0,1838.87,1820.57,1.00,172.42,149.61,322.03
random,User3,15.00,N/A,10.39,AP0,1838.87,1820.57,1.00,172.42,149.61,322.03
random,User4,15.00,N/A,10.17,AP1,1838.87,1820.57,1.00,172.42,149.61,322.03
random,User5,15.00,N/A,3.47,AP3,1838.87,1820.57,1.00,172.42,149.61,322.03
random,User6,15.00,N/A,13.41,AP1,1838.87,1820.57,1.00,172.42,149.61,322.03
random,User7,15.00,N/A,7.67,AP0,1838.87,1820.57,1.00,172.42,149.61,322.03
random,User8,15.00,N/A,10.08,AP1,1838.87,1820.57,1.00,172.42,149.61,322.03
random,User9,15.00,N/A,13.79,AP1,1838.87,1820.57,1.00,172.42,149.61,322.03
random,User0,15.00,N/A,10.94,AP3,1850.48,1821.45,1.59,170.01,130.41,300.42
random,User1,15.00,N/A,13.08,AP3,1850.48,1821.45,1.59,170.01,130.41,300.42
random,User2,15.00,N/A,6.81,AP2,1850.48,1821.45,1.59,170.01,130.41,300.42
random,User3,15.00,N/A,10.67,AP1,1850.48,1821.45,1.59,170.01,130.41,300.42
random,User4,15.00,N/A,3.70,AP1,1850.48,1821.45,1.59,170.01,130.41,300.42
random,User5,15.00,N/A,14.67,AP0,1850.48,1821.45,1.59,170.01,130.41,300.42
random,User6,15.00,N/A,1.78,AP0,1850.48,1821.45,1.59,170.01,130.41,300.42
random,User7,15.00,N/A,13.65,AP0,1850.48,1821.45,1.59,170.01,130.41,300.42
random,User8,15.00,N/A,5.67,AP0,1850.48,1821.45,1.59,170.01,130.41,300.42
random,User9,15.00,N/A,9.52,AP2,1850.48,1821.45,1.59,170.01,130.41,300.42
random,User0,15.00,N/A,0.02,AP1,1840.35,1826.10,0.78,175.93,143.16,319.09
random,User1,15.00,N/A,6.06,AP3,1840.35,1826.10,0.78,175.93,143.16,319.09
random,User2,15.00,N/A,13.63,AP0,1840.35,1826.10,0.78,175.93,143.16,319.09
random,User3,15.00,N/A,2.68,AP3,1840.35,1826.10,0.78,175.93,143.16,319.09
random,User4,15.00,N/A,3.84,AP0,1840.35,1826.10,0.78,175.93,143.16,319.09
random,User5,15.00,N/A,10.87,AP0,1840.35,1826.10,0.78,175.93,143.16,319.09
random,User6,15.00,N/A,12.91,AP1,1840.35,1826.10,0.78,175.93,143.16,319.09
random,User7,15.00,N/A,5.46,AP0,1840.35,1826.10,0.78,175.93,143.16,319.09
random,User8,15.00,N/A,4.09,AP0,1840.35,1826.10,0.78,175.93,143.16,319.09
random,User9,15.00,N/A,11.12,AP3,1840.35,1826.10,0.78,175.93,143.16,319.09
random,User0,15.00,N/A,7.15,AP0,1832.52,1784.89,2.67,159.56,145.65,305.21
random,User1,15.00,N/A,13.21,AP0,1832.52,1784.89,2.67,159.56,145.65,305.21
random,User2,15.00,N/A,13.54,AP1,1832.52,1784.89,2.67,159.56,145.65,305.21
random,User3,15.00,N/A,11.38,AP3,1832.52,1784.89,2.67,159.56,145.65,305.21
random,User4,15.00,N/A,14.21,AP2,1832.52,1784.89,2.67,159.56,145.65,305.21
random,User5,15.00,N/A,11.98,AP1,1832.52,1784.89,2.67,159.56,145.65,305.21
random,User6,15.00,N/A,6.07,AP0,1832.52,1784.89,2.67,159.56,145.65,305.21
random,User7,15.00,N/A,4.19,AP2,1832.52,1784.89,2.67,159.56,145.65,305.21
random,User8,15.00,N/A,2.13,AP1,1832.52,1784.89,2.67,159.56,145.65,305.21
random,User9,15.00,N/A,11.15,AP0,1832.52,1784.89,2.67,159.56,145.65,305.21
random,User0,15.00,N/A,3.51,AP0,1815.74,1791.50,1.35,176.36,155.21,331.57
random,User1,15.00,N/A,11.88,AP0,1815.74,1791.50,1.35,176.36,155.21,331.57
random,User2,15.00,N/A,13.95,AP3,1815.74,1791.50,1.35,176.36,155.21,331.57
random,User3,15.00,N/A,8.05,AP1,1815.74,1791.50,1.35,176.36,155.21,331.57
random,User4,15.00,N/A,11.70,AP0,1815.74,1791.50,1.35,176.36,155.21,331.57
random,User5,15.00,N/A,10.87,AP0,1815.74,1791.50,1.35,176.36,155.21,331.57
random,User6,15.00,N/A,1.27,AP1,1815.74,1791.50,1.35,176.36,155.21,331.57
random,User7,15.00,N/A,9.63,AP1,1815.74,1791.50,1.35,176.36,155.21,331.57
random,User8,15.00,N/A,4.65,AP2,1815.74,1791.50,1.35,176.36,155.21,331.57
random,User9,15.00,N/A,1.69,AP2,1815.74,1791.50,1.35,176.36,155.21,331.57
random,User0,15.00,N/A,13.46,AP1,1830.98,1842.67,-0.63,177.39,148.45,325.84
random,User1,15.00,N/A,8.93,AP0,1830.98,1842.67,-0.63,177.39,148.45,325.84
random,User2,15.00,N/A,8.20,AP0,1830.98,1842.67,-0.63,177.39,148.45,325.84
random,User3,15.00,N/A,13.75,AP0,1830.98,1842.67,-0.63,177.39,148.45,325.84
random,User4,15.00,N/A,14.55,AP1,1830.98,1842.67,-0.63,177.39,148.45,325.84
random,User5,15.00,N/A,11.19,AP2,1830.98,1842.67,-0.63,177.39,148.45,325.84
random,User6,15.00,N/A,4.29,AP0,1830.98,1842.67,-0.63,177.39,148.45,325.84
random,User7,15.00,N/A,6.07,AP2,1830.98,1842.67,-0.63,177.39,148.45,325.84
random,User8,15.00,N/A,8.24,AP2,1830.98,1842.67,-0.63,177.39,148.45,325.84
random,User9,15.00,N/A,3.15,AP3,1830.98,1842.67,-0.63,177.39,148.45,325.84
random,User0,15.00,N/A,8.94,AP0,1816.15,1772.26,2.48,175.00,148.28,323.28
random,User1,15.00,N/A,1.59,AP0,1816.15,1772.26,2.48,175.00,148.28,323.28
random,User2,15.00,N/A,6.08,AP0,1816.15,1772.26,2.48,175.00,148.28,323.28
random,User3,15.00,N/A,12.61,AP1,1816.15,1772.26,2.48,175.00,148.28,323.28
random,User4,15.00,N/A,11.69,AP2,1816.15,1772.26,2.48,175.00,148.28,323.28
random,User5,15.00,N/A,0.07,AP0,1816.15,1772.26,2.48,175.00,148.28,323.28
random,User6,15.00,N/A,9.89,AP3,1816.15,1772.26,2.48,175.00,148.28,323.28
random,User7,15.00,N/A,9.50,AP2,1816.15,1772.26,2.48,175.00,148.28,323.28
random,User8,15.00,N/A,3.74,AP1,1816.15,1772.26,2.48,175.00,148.28,323.28
random,User9,15.00,N/A,10.58,AP1,1816.15,1772.26,2.48,175.00,148.28,323.28
random,User0,15.00,N/A,3.73,AP2,1874.18,1843.67,1.65,182.37,138.89,321.26
random,User1,15.00,N/A,11.49,AP3,1874.18,1843.67,1.65,182.37,138.89,321.26
random,User2,15.00,N/A,1.81,AP1,1874.18,1843.67,1.65,182.37,138.89,321.26
random,User3,15.00,N/A,6.90,AP0,1874.18,1843.67,1.65,182.37,138.89,321.26
random,User4,15.00,N/A,11.64,AP3,1874.18,1843.67,1.65,182.37,138.89,321.26
random,User5,15.00,N/A,10.09,AP2,1874.18,1843.67,1.65,182.37,138.89,321.26
random,User6,15.00,N/A,7.81,AP1,1874.18,1843.67,1.65,182.37,138.89,321.26
random,User7,15.00,N/A,2.23,AP1,1874.18,1843.67,1.65,182.37,138.89,321.26
random,User8,15.00,N/A,7.46,AP2,1874.18,1843.67,1.65,182.37,138.89,321.26
random,User9,15.00,N/A,2.67,AP3,1874.18,1843.67,1.65,182.37,138.89,321.26
random,User0,15.00,N/A,6.85,AP3,1850.27,1840.23,0.55,174.20,142.47,316.67
random,User1,15.00,N/A,14.75,AP3,1850.27,1840.23,0.55,174.20,142.47,316.67
random,User2,15.00,N/A,2.59,AP3,1850.27,1840.23,0.55,174.20,142.47,316.67
random,User3,15.00,N/A,13.78,AP0,1850.27,1840.23,0.55,174.20,142.47,316.67
random,User4,15.00,N/A,11.26,AP0,1850.27,1840.23,0.55,174.20,142.47,316.67
random,User5,15.00,N/A,13.31,AP2,1850.27,1840.23,0.55,174.20,142.47,316.67
random,User6,15.00,N/A,8.67,AP0,1850.27,1840.23,0.55,174.20,142.47,316.67
random,User7,15.00,N/A,9.55,AP1,1850.27,1840.23,0.55,174.20,142.47,316.67
random,User8,15.00,N/A,4.81,AP1,1850.27,1840.23,0.55,174.20,142.47,316.67
random,User9,15.00,N/A,11.41,AP1,1850.27,1840.23,0.55,174.20,142.47,316.67
random,User0,15.00,N/A,11.79,AP0,1843.17,1811.45,1.75,177.39,149.68,327.07
random,User1,15.00,N/A,7.96,AP1,1843.17,1811.45,1.75,177.39,149.68,327.07
random,User2,15.00,N/A,7.21,AP3,1843.17,1811.45,1.75,177.39,149.68,327.07
random,User3,15.00,N/A,0.44,AP0,1843.17,1811.45,1.75,177.39,149.68,327.07
random,User4,15.00,N/A,3.57,AP3,1843.17,1811.45,1.75,177.39,149.68,327.07
random,User5,15.00,N/A,11.54,AP0,1843.17,1811.45,1.75,177.39,149.68,327.07
random,User6,15.00,N/A,10.22,AP2,1843.17,1811.45,1.75,177.39,149.68,327.07
random,User7,15.00,N/A,5.11,AP3,1843.17,1811.45,1.75,177.39,149.68,327.07
random,User8,15.00,N/A,11.43,AP0,1843.17,1811.45,1.75,177.39,149.68,327.07
random,User9,15.00,N/A,13.93,AP0,1843.17,1811.45,1.75,177.39,149.68,327.07
random,User0,15.00,N/A,10.33,AP1,1805.71,1799.96,0.32,168.48,167.41,335.89
random,User1,15.00,N/A,12.16,AP0,1805.71,1799.96,0.32,168.48,167.41,335.89
random,User2,15.00,N/A,3.86,AP3,1805.71,1799.96,0.32,168.48,167.41,335.89
random,User3,15.00,N/A,11.96,AP2,1805.71,1799.96,0.32,168.48,167.41,335.89
random,User4,15.00,N/A,11.92,AP1,1805.71,1799.96,0.32,168.48,167.41,335.89
random,User5,15.00,N/A,2.32,AP2,1805.71,1799.96,0.32,168.48,167.41,335.89
random,User6,15.00,N/A,5.18,AP1,1805.71,1799.96,0.32,168.48,167.41,335.89
random,User7,15.00,N/A,1.17,AP0,1805.71,1799.96,0.32,168.48,167.41,335.89
random,User8,15.00,N/A,2.60,AP0,1805.71,1799.96,0.32,168.48,167.41,335.89
random,User9,15.00,N/A,8.51,AP0,1805.71,1799.96,0.32,168.48,167.41,335.89
random,User0,15.00,N/A,9.67,AP0,1820.13,1794.14,1.45,179.15,139.74,318.90
random,User1,15.00,N/A,5.80,AP2,1820.13,1794.14,1.45,179.15,139.74,318.90
random,User2,15.00,N/A,4.63,AP2,1820.13,1794.14,1.45,179.15,139.74,318.90
random,User3,15.00,N/A,6.56,AP3,1820.13,1794.14,1.45,179.15,139.74,318.90
random,User4,15.00,N/A,6.12,AP1,1820.13,1794.14,1.45,179.15,139.74,318.90
random,User5,15.00,N/A,7.65,AP0,1820.13,1794.14,1.45,179.15,139.74,318.90
random,User6,15.00,N/A,0.32,AP2,1820.13,1794.14,1.45,179.15,139.74,318.90
random,User7,15.00,N/A,2.11,AP0,1820.13,1794.14,1.45,179.15,139.74,318.90
random,User8,15.00,N/A,6.47,AP0,1820.13,1794.14,1.45,179.15,139.74,318.90
random,User9,15.00,N/A,8.30,AP0,1820.13,1794.14,1.45,179.15,139.74,318.90
random,User0,15.00,N/A,10.89,AP3,1849.90,1814.89,1.93,175.49,146.85,322.33
random,User1,15.00,N/A,2.01,AP1,1849.90,1814.89,1.93,175.49,146.85,322.33
random,User2,15.00,N/A,5.46,AP0,1849.90,1814.89,1.93,175.49,146.85,322.33
random,User3,15.00,N/A,11.31,AP3,1849.90,1814.89,1.93,175.49,146.85,322.33
random,User4,15.00,N/A,14.87,AP0,1849.90,1814.89,1.93,175.49,146.85,322.33
random,User5,15.00,N/A,6.51,AP3,1849.90,1814.89,1.93,175.49,146.85,322.33
random,User6,15.00,N/A,8.87,AP2,1849.90,1814.89,1.93,175.49,146.85,322.33
random,User7,15.00,N/A,9.00,AP1,1849.90,1814.89,1.93,175.49,146.85,322.33
random,User8,15.00,N/A,10.59,AP0,1849.90,1814.89,1.93,175.49,146.85,322.33
random,User9,15.00,N/A,12.78,AP0,1849.90,1814.89,1.93,175.49,146.85,322.33
random,User0,15.00,N/A,0.16,AP2,1813.77,1819.11,-0.29,178.12,144.24,322.36
random,User1,15.00,N/A,2.66,AP1,1813.77,1819.11,-0.29,178.12,144.24,322.36
random,User2,15.00,N/A,0.13,AP0,1813.77,1819.11,-0.29,178.12,144.24,322.36
random,User3,15.00,N/A,10.07,AP2,1813.77,1819.11,-0.29,178.12,144.24,322.36
random,User4,15.00,N/A,5.66,AP3,1813.77,1819.11,-0.29,178.12,144.24,322.36
random,User5,15.00,N/A,8.44,AP0,1813.77,1819.11,-0.29,178.12,144.24,322.36
random,User6,15.00,N/A,3.69,AP0,1813.77,1819.11,-0.29,178.12,144.24,322.36
random,User7,15.00,N/A,4.26,AP0,1813.77,1819.11,-0.29,178.12,144.24,322.36
random,User8,15.00,N/A,11.50,AP0,1813.77,1819.11,-0.29,178.12,144.24,322.36
random,User9,15.00,N/A,12.79,AP1,1813.77,1819.11,-0.29,178.12,144.24,322.36
random,User0,15.00,N/A,11.54,AP0,1804.73,1783.18,1.21,182.13,141.72,323.85
random,User1,15.00,N/A,4.53,AP0,1804.73,1783.18,1.21,182.13,141.72,323.85
random,User2,15.00,N/A,4.50,AP2,1804.73,1783.18,1.21,182.13,141.72,323.85
random,User3,15.00,N/A,2.45,AP0,1804.73,1783.18,1.21,182.13,141.72,323.85
random,User4,15.00,N/A,4.51,AP2,1804.73,1783.18,1.21,182.13,141.72,323.85
random,User5,15.00,N/A,12.40,AP1,1804.73,1783.18,1.21,182.13,141.72,323.85
random,User6,15.00,N/A,11.60,AP1,1804.73,1783.18,1.21,182.13,141.72,323.85
random,User7,15.00,N/A,7.82,AP0,1804.73,1783.18,1.21,182.13,141.72,323.85
random,User8,15.00,N/A,13.04,AP2,1804.73,1783.18,1.21,182.13,141.72,323.85
random,User9,15.00,N/A,0.07,AP2,1804.73,1783.18,1.21,182.13,141.72,323.85
random,User0,15.00,N/A,10.44,AP1,1829.71,1810.23,1.08,168.04,148.81,316.85
random,User1,15.00,N/A,13.70,AP0,1829.71,1810.23,1.08,168.04,148.81,316.85
random,User2,15.00,N/A,8.44,AP2,1829.71,1810.23,1.08,168.04,148.81,316.85
random,User3,15.00,N/A,0.99,AP1,1829.71,1810.23,1.08,168.04,148.81,316.85
random,User4,15.00,N/A,2.98,AP3,1829.71,1810.23,1.08,168.04,148.81,316.85
random,User5,15.00,N/A,9.18,AP0,1829.71,1810.23,1.08,168.04,148.81,316.85
random,User6,15.00,N/A,1.83,AP0,1829.71,1810.23,1.08,168.04,148.81,316.85
random,User7,15.00,N/A,6.40,AP0,1829.71,1810.23,1.08,168.04,148.81,316.85
random,User8,15.00,N/A,11.22,AP2,1829.71,1810.23,1.08,168.04,148.81,316.85
random,User9,15.00,N/A,4.24,AP3,1829.71,1810.23,1.08,168.04,148.81,316.85
random,User0,15.00,N/A,3.56,AP3,1836.33,1842.65,-0.34,180.68,158.82,339.49
random,User1,15.00,N/A,3.93,AP0,1836.33,1842.65,-0.34,180.68,158.82,339.49
random,User2,15.00,N/A,14.13,AP0,1836.33,1842.65,-0.34,180.68,158.82,339.49
random,User3,15.00,N/A,0.35,AP0,1836.33,1842.65,-0.34,180.68,158.82,339.49
random,User4,15.00,N/A,14.73,AP0,1836.33,1842.65,-0.34,180.68,158.82,339.49
random,User5,15.00,N/A,1.67,AP0,1836.33,1842.65,-0.34,180.68,158.82,339.49
random,User6,15.00,N/A,2.02,AP2,1836.33,1842.65,-0.34,180.68,158.82,339.49
random,User7,15.00,N/A,6.07,AP3,1836.33,1842.65,-0.34,180.68,158.82,339.49
random,User8,15.00,N/A,2.11,AP3,1836.33,1842.65,-0.34,180.68,158.82,339.49
random,User9,15.00,N/A,2.91,AP2,1836.33,1842.65,-0.34,180.68,158.82,339.49
random,User0,15.00,N/A,4.70,AP2,1885.87,1890.09,-0.22,185.38,157.35,342.73
random,User1,15.00,N/A,14.11,AP2,1885.87,1890.09,-0.22,185.38,157.35,342.73
random,User2,15.00,N/A,3.30,AP3,1885.87,1890.09,-0.22,185.38,157.35,342.73
random,User3,15.00,N/A,9.94,AP3,1885.87,1890.09,-0.22,185.38,157.35,342.73
random,User4,15.00,N/A,6.70,AP0,1885.87,1890.09,-0.22,185.38,157.35,342.73
random,User5,15.00,N/A,3.74,AP0,1885.87,1890.09,-0.22,185.38,157.35,342.73
random,User6,15.00,N/A,2.35,AP3,1885.87,1890.09,-0.22,185.38,157.35,342.73
random,User7,15.00,N/A,7.59,AP0,1885.87,1890.09,-0.22,185.38,157.35,342.73
random,User8,15.00,N/A,7.07,AP3,1885.87,1890.09,-0.22,185.38,157.35,342.73
random,User9,15.00,N/A,3.46,AP2,1885.87,1890.09,-0.22,185.38,157.35,342.73
random,User0,15.00,N/A,2.93,AP2,1789.86,1792.15,-0.13,172.88,156.10,328.98
random,User1,15.00,N/A,5.56,AP1,1789.86,1792.15,-0.13,172.88,156.10,328.98
random,User2,15.00,N/A,5.19,AP1,1789.86,1792.15,-0.13,172.88,156.10,328.98
random,User3,15.00,N/A,4.41,AP1,1789.86,1792.15,-0.13,172.88,156.10,328.98
random,User4,15.00,N/A,4.22,AP1,1789.86,1792.15,-0.13,172.88,156.10,328.98
random,User5,15.00,N/A,13.19,AP1,1789.86,1792.15,-0.13,172.88,156.10,328.98
random,User6,15.00,N/A,8.47,AP0,1789.86,1792.15,-0.13,172.88,156.10,328.98
random,User7,15.00,N/A,3.84,AP0,1789.86,1792.15,-0.13,172.88,156.10,328.98
random,User8,15.00,N/A,2.23,AP2,1789.86,1792.15,-0.13,172.88,156.10,328.98
random,User9,15.00,N/A,1.95,AP0,1789.86,1792.15,-0.13,172.88,156.10,328.98
random,User0,15.00,N/A,11.59,AP1,1825.56,1832.74,-0.39,179.10,139.94,319.04
random,User1,15.00,N/A,7.31,AP3,1825.56,1832.74,-0.39,179.10,139.94,319.04
random,User2,15.00,N/A,8.55,AP1,1825.56,1832.74,-0.39,179.10,139.94,319.04
random,User3,15.00,N/A,6.06,AP1,1825.56,1832.74,-0.39,179.10,139.94,319.04
random,User4,15.00,N/A,1.16,AP1,1825.56,1832.74,-0.39,179.10,139.94,319.04
random,User5,15.00,N/A,1.05,AP2,1825.56,1832.74,-0.39,179.10,139.94,319.04
random,User6,15.00,N/A,10.08,AP1,1825.56,1832.74,-0.39,179.10,139.94,319.04
random,User7,15.00,N/A,10.45,AP0,1825.56,1832.74,-0.39,179.10,139.94,319.04
random,User8,15.00,N/A,11.11,AP1,1825.56,1832.74,-0.39,179.10,139.94,319.04
random,User9,15.00,N/A,2.89,AP3,1825.56,1832.74,-0.39,179.10,139.94,319.04
random,User0,15.00,N/A,11.51,AP0,1792.15,1798.37,-0.35,173.08,154.90,327.99
random,User1,15.00,N/A,8.87,AP0,1792.15,1798.37,-0.35,173.08,154.90,327.99
random,User2,15.00,N/A,8.11,AP1,1792.15,1798.37,-0.35,173.08,154.90,327.99
random,User3,15.00,N/A,11.90,AP0,1792.15,1798.37,-0.35,173.08,154.90,327.99
random,User4,15.00,N/A,5.75,AP0,1792.15,1798.37,-0.35,173.08,154.90,327.99
random,User5,15.00,N/A,8.01,AP0,1792.15,1798.37,-0.35,173.08,154.90,327.99
random,User6,15.00,N/A,5.47,AP0,1792.15,1798.37,-0.35,173.08,154.90,327.99
random,User7,15.00,N/A,14.79,AP2,1792.15,1798.37,-0.35,173.08,154.90,327.99
random,User8,15.00,N/A,5.34,AP3,1792.15,1798.37,-0.35,173.08,154.90,327.99
random,User9,15.00,N/A,0.65,AP0,1792.15,1798.37,-0.35,173.08,154.90,327.99
random,User0,15.00,N/A,1.81,AP0,1819.83,1804.63,0.84,181.75,148.92,330.68
random,User1,15.00,N/A,14.72,AP2,1819.83,1804.63,0.84,181.75,148.92,330.68
random,User2,15.00,N/A,1.59,AP0,1819.83,1804.63,0.84,181.75,148.92,330.68
random,User3,15.00,N/A,2.60,AP0,1819.83,1804.63,0.84,181.75,148.92,330.68
random,User4,15.00,N/A,3.56,AP3,1819.83,1804.63,0.84,181.75,148.92,330.68
random,User5,15.00,N/A,6.87,AP1,1819.83,1804.63,0.84,181.75,148.92,330.68
random,User6,15.00,N/A,8.62,AP3,1819.83,1804.63,0.84,181.75,148.92,330.68
random,User7,15.00,N/A,6.29,AP3,1819.83,1804.63,0.84,181.75,148.92,330.68
random,User8,15.00,N/A,3.93,AP0,1819.83,1804.63,0.84,181.75,148.92,330.68
random,User9,15.00,N/A,8.16,AP0,1819.83,1804.63,0.84,181.75,148.92,330.68
random,User0,15.00,N/A,9.89,AP2,1822.33,1820.99,0.07,170.04,149.88,319.92
random,User1,15.00,N/A,7.30,AP3,1822.33,1820.99,0.07,170.04,149.88,319.92
random,User2,15.00,N/A,8.26,AP1,1822.33,1820.99,0.07,170.04,149.88,319.92
random,User3,15.00,N/A,11.09,AP1,1822.33,1820.99,0.07,170.04,149.88,319.92
random,User4,15.00,N/A,5.30,AP0,1822.33,1820.99,0.07,170.04,149.88,319.92
random,User5,15.00,N/A,2.68,AP1,1822.33,1820.99,0.07,170.04,149.88,319.92
random,User6,15.00,N/A,10.24,AP2,1822.33,1820.99,0.07,170.04,149.88,319.92
random,User7,15.00,N/A,4.60,AP3,1822.33,1820.99,0.07,170.04,149.88,319.92
random,User8,15.00,N/A,9.13,AP1,1822.33,1820.99,0.07,170.04,149.88,319.92
random,User9,15.00,N/A,11.17,AP1,1822.33,1820.99,0.07,170.04,149.88,319.92
random,User0,15.00,N/A,7.41,AP2,1849.26,1829.55,1.08,174.76,170.00,344.75
random,User1,15.00,N/A,10.76,AP3,1849.26,1829.55,1.08,174.76,170.00,344.75
random,User2,15.00,N/A,2.05,AP2,1849.26,1829.55,1.08,174.76,170.00,344.75
random,User3,15.00,N/A,2.85,AP2,1849.26,1829.55,1.08,174.76,170.00,344.75
random,User4,15.00,N/A,5.62,AP3,1849.26,1829.55,1.08,174.76,170.00,344.75
random,User5,15.00,N/A,14.36,AP3,1849.26,1829.55,1.08,174.76,170.00,344.75
random,User6,15.00,N/A,4.43,AP0,1849.26,1829.55,1.08,174.76,170.00,344.75
random,User7,15.00,N/A,7.63,AP0,1849.26,1829.55,1.08,174.76,170.00,344.75
random,User8,15.00,N/A,7.26,AP2,1849.26,1829.55,1.08,174.76,170.00,344.75
random,User9,15.00,N/A,10.60,AP0,1849.26,1829.55,1.08,174.76,170.00,344.75
